CropType,CropDays,SoilMoisture,temperature,Humidity,Irrigation
Potato,48,148,19,68,0
Garden Flowers,75,194,22,73,0
Maize,94,512,37,30,1
Sugarcane,25,713,33,54,1
Sugarcane,207,168,23,14,0
Paddy,138,646,25,25,1
Groundnuts,54,713,37,47,1
Garden Flowers,45,321,19,70,0
Potato,54,269,29,38,0
Maize,36,712,25,20,1
Paddy,110,494,29,23,1
Potato,75,331,27,39,0
Sugarcane,21,550,19,70,1
Paddy,146,555,20,38,1
Wheat,43,477,25,57,1
Potato,13,156,23,19,0
Maize,92,592,26,32,1
Potato,42,341,24,39,1
Sugarcane,18,138,25,28,0
Coffee,61,120,31,25,0
Potato,67,513,14,41,1
Potato,18,667,27,51,1
Potato,22,322,23,35,0
Pulse,44,580,27,15,1
Groundnuts,68,146,26,23,0
Paddy,78,418,24,53,1
Pulse,40,255,26,34,0
Garden Flowers,30,320,18,75,0
Paddy,119,455,39,56,1
Coffee,73,158,15,14,0
Wheat,88,880,22,15,1
Sugarcane,126,212,30,46,0
Maize,86,297,32,21,0
Wheat,117,372,22,59,1
Garden Flowers,71,323,16,63,0
Wheat,14,435,16,31,0
Wheat,15,309,28,54,0
Wheat,34,800,34,32,1
Coffee,1,540,24,30,1
Maize,25,330,29,22,1
Pulse,52,120,29,45,0
Wheat,46,300,20,14,0
Potato,93,136,23,31,0
Garden Flowers,108,200,19,69,0
Coffee,12,165,23,24,0
Potato,58,556,18,21,1
Paddy,53,888,21,41,1
Potato,76,330,18,61,0
Potato,11,225,21,24,0
Sugarcane,90,320,22,68,0
Sugarcane,4,267,35,37,0
Groundnuts,103,169,39,22,0
Potato,63,420,20,53,1
Wheat,78,629,15,28,1
Sugarcane,107,858,28,71,1
Groundnuts,28,145,35,33,0
Wheat,103,356,28,53,0
Maize,97,120,19,35,0
Sugarcane,126,252,22,38,0
Wheat,47,120,27,48,0
Sugarcane,56,215,37,21,0
Groundnuts,34,535,32,50,1
Garden Flowers,166,120,18,62,0
Sugarcane,179,707,29,71,1
Wheat,132,800,33,31,0
Paddy,15,555,30,18,1
Potato,65,219,23,27,0
Maize,76,218,33,17,0
Paddy,24,393,31,22,0
Paddy,7,308,26,24,0
Sugarcane,48,147,28,45,0
Garden Flowers,101,444,25,69,1
Groundnuts,90,550,36,22,1
Sugarcane,129,257,23,19,0
Coffee,88,320,26,14,0
Garden Flowers,127,516,33,74,1
Sugarcane,136,295,31,48,0
Groundnuts,47,211,31,18,0
Coffee,27,429,28,18,1
Wheat,107,123,26,44,0
Paddy,50,285,38,21,0
Maize,64,428,26,29,1
Paddy,6,879,32,56,1
Sugarcane,185,300,32,15,0
Maize,84,320,18,14,0
Wheat,5,482,15,46,1
Potato,51,191,15,38,0
Maize,28,430,30,24,1
Potato,49,351,14,41,1
Sugarcane,78,230,17,76,0
Potato,25,258,22,33,0
Wheat,113,181,29,35,0
Sugarcane,156,203,36,43,0
Groundnuts,106,558,20,34,1
Maize,24,731,36,32,1
Wheat,100,280,17,43,0
Wheat,75,256,15,22,0
Coffee,52,526,20,20,1
Coffee,13,162,26,16,0
Wheat,107,608,17,45,1
Maize,13,440,30,20,1
Wheat,90,300,26,18,0
Sugarcane,71,303,22,30,0
Maize,43,130,20,35,0
Coffee,71,693,18,16,1
Paddy,32,316,36,18,0
Potato,99,287,29,23,0
Groundnuts,104,229,27,19,1
Wheat,13,345,30,60,1
Wheat,109,170,21,37,0
Sugarcane,128,587,22,68,1
Wheat,113,303,26,37,1
Maize,65,341,21,31,1
Sugarcane,87,161,21,42,0
Pulse,18,300,36,37,0
Wheat,103,390,24,18,0
Maize,98,416,18,21,1
Garden Flowers,15,221,20,65,0
Wheat,166,832,33,32,0
Potato,17,264,16,41,0
Groundnuts,57,525,21,52,1
Maize,50,220,29,35,0
Wheat,21,210,26,50,0
Sugarcane,166,492,37,27,0
Paddy,70,690,30,20,1
Groundnuts,88,361,29,33,1
Sugarcane,61,486,25,69,1
Paddy,45,256,36,11,0
Coffee,23,603,27,16,1
Potato,54,459,15,68,0
Maize,85,202,30,17,0
Maize,46,340,34,31,1
Groundnuts,111,120,31,29,0
Paddy,140,736,28,42,1
Wheat,103,205,25,35,0
Coffee,83,392,24,22,1
Sugarcane,108,380,22,11,0
Sugarcane,185,398,35,32,0
Potato,46,612,19,58,1
Sugarcane,36,450,23,55,1
Sugarcane,61,427,24,69,1
Maize,65,330,30,35,0
Coffee,41,286,16,20,0
Sugarcane,57,877,25,42,1
Maize,29,357,36,32,0
Sugarcane,170,765,31,19,1
Potato,16,321,19,65,0
Paddy,82,665,20,43,1
Garden Flowers,15,233,14,70,0
Wheat,42,880,22,15,1
Potato,52,188,20,15,0
Sugarcane,126,200,21,39,0
Groundnuts,28,275,36,51,0
Groundnuts,50,147,36,18,0
Sugarcane,132,211,26,46,0
Paddy,2,362,28,29,0
Paddy,24,690,32,35,1
Garden Flowers,2,573,29,84,1
Garden Flowers,8,302,19,80,0
Sugarcane,176,388,21,25,1
Paddy,72,203,29,32,0
Wheat,60,618,15,43,1
Groundnuts,32,405,33,53,1
Sugarcane,56,792,32,62,1
Coffee,27,450,26,15,1
Sugarcane,2,200,28,22,0
Groundnuts,7,326,34,27,0
Paddy,85,130,35,36,0
Potato,70,269,29,30,0
Maize,46,505,20,18,1
Potato,84,389,15,67,0
Wheat,48,730,21,13,1
Sugarcane,88,605,28,59,1
Sugarcane,170,321,21,19,0
Sugarcane,162,335,27,17,0
Sugarcane,134,478,28,45,0
Sugarcane,179,325,35,46,0
Coffee,76,436,18,23,1
Groundnuts,88,259,34,44,0
Paddy,31,130,21,18,0
Groundnuts,21,280,24,15,0
Coffee,73,348,24,15,0
Sugarcane,145,813,30,74,1
Maize,95,166,31,40,0
Groundnuts,117,175,29,45,0
Potato,74,652,22,59,1
Coffee,84,303,28,14,0
Potato,69,722,15,26,1
Coffee,91,310,23,18,0
Sugarcane,15,120,23,28,0
Potato,5,520,16,29,1
Potato,100,146,17,62,0
Sugarcane,98,327,21,34,0
Sugarcane,85,140,31,21,0
Groundnuts,23,361,31,37,1
Garden Flowers,123,512,29,84,1
Paddy,106,221,32,20,0
Sugarcane,155,260,32,20,0
Sugarcane,6,713,30,71,1
Maize,105,178,30,33,0
Coffee,59,220,22,14,0
Potato,36,607,18,65,1
Groundnuts,108,214,39,30,0
Wheat,68,292,15,37,0
Groundnuts,44,741,23,20,1
Potato,86,456,15,69,0
Coffee,52,328,30,26,1
Sugarcane,3,555,27,28,1
Maize,31,321,37,39,0
Groundnuts,34,384,24,30,0
Potato,56,679,17,66,1
Paddy,47,249,37,23,0
Pulse,57,324,16,12,0
Garden Flowers,20,168,23,66,0
Pulse,32,444,21,29,1
Groundnuts,116,354,39,35,0
Paddy,19,515,22,22,1
Groundnuts,117,289,35,18,0
Wheat,88,550,24,53,1
Coffee,79,632,27,27,1
Garden Flowers,172,422,31,83,1
Pulse,23,617,28,23,1
Groundnuts,5,345,21,55,0
Sugarcane,160,855,27,47,1
Wheat,118,295,20,39,0
Groundnuts,31,659,26,28,1
Sugarcane,105,244,33,32,0
Potato,25,514,25,53,1
Potato,47,348,15,30,0
Sugarcane,59,449,28,15,0
Coffee,75,525,15,24,1
Potato,69,357,22,50,1
Sugarcane,173,192,25,40,0
Pulse,48,345,23,34,1
Coffee,57,433,15,22,1
Coffee,39,630,26,19,1
Maize,65,585,32,32,1
Potato,40,239,18,65,0
Sugarcane,116,398,32,42,1
Wheat,11,373,23,50,0
Wheat,39,782,31,61,1
Pulse,19,375,35,36,1
Coffee,11,255,21,28,0
Maize,42,299,37,15,0
Paddy,9,408,36,39,0
Paddy,41,889,30,43,1
Maize,33,120,25,20,0
Sugarcane,138,834,22,61,1
Potato,33,440,27,52,1
Coffee,37,349,21,28,0
Potato,39,312,22,64,1
Sugarcane,134,791,36,40,1
Paddy,46,333,24,19,0
Wheat,38,236,19,54,0
Garden Flowers,99,560,20,67,1
Potato,82,148,23,22,0
Wheat,70,366,17,21,0
Coffee,56,410,27,17,1
Coffee,15,438,24,17,1
Potato,55,735,25,64,1
Sugarcane,184,867,35,15,1
Paddy,28,400,40,12,1
Coffee,67,527,17,29,1
Coffee,55,262,22,15,0
Paddy,31,854,36,48,1
Wheat,56,391,28,35,1
Paddy,33,348,38,11,0
Garden Flowers,120,560,20,68,0
Wheat,109,365,22,40,1
Sugarcane,164,165,34,21,0
Groundnuts,24,401,20,54,1
Garden Flowers,24,790,19,61,1
Paddy,146,678,26,28,1
Sugarcane,65,134,24,11,0
Maize,23,815,34,31,1
Groundnuts,49,678,23,18,1
Groundnuts,119,220,24,48,0
Paddy,30,236,27,30,0
Potato,106,660,18,67,1
Potato,65,216,14,34,0
Coffee,23,450,21,17,1
Garden Flowers,132,795,27,61,1
Maize,6,771,28,27,1
Groundnuts,1,565,27,38,1
Sugarcane,72,794,34,51,1
Wheat,77,450,21,14,0
Coffee,19,271,27,21,0
Groundnuts,55,478,39,19,1
Wheat,64,168,30,54,0
Paddy,1,380,32,29,0
Coffee,57,568,25,17,1
Wheat,118,576,22,45,1
Groundnuts,96,145,32,20,0
Potato,53,226,18,17,0
Wheat,102,230,30,29,0
Garden Flowers,150,441,20,74,1
Sugarcane,66,217,35,49,0
Sugarcane,32,341,26,22,0
Potato,21,621,19,46,1
Sugarcane,39,364,36,19,0
Wheat,92,414,21,24,1
Sugarcane,65,413,26,28,1
Sugarcane,91,165,25,24,0
Paddy,136,545,25,48,1
Sugarcane,108,332,21,32,0
Paddy,120,366,35,27,0
Potato,59,165,16,22,0
Potato,98,660,16,64,1
Sugarcane,198,178,21,24,0
Sugarcane,57,613,34,55,1
Coffee,3,607,24,27,1
Maize,35,450,27,21,1
Paddy,15,634,33,49,1
Potato,72,276,20,38,0
Sugarcane,140,648,29,27,1
Garden Flowers,80,186,26,69,0
Garden Flowers,44,133,26,69,0
Sugarcane,198,387,21,17,0
Paddy,31,120,26,30,0
Maize,96,546,22,28,1
Garden Flowers,56,569,22,66,1
Maize,113,647,32,32,1
Sugarcane,105,367,20,48,0
Sugarcane,70,754,22,39,1
Pulse,88,491,24,31,1
Potato,92,225,20,16,0
Paddy,9,439,36,52,1
Coffee,71,330,21,21,0
Garden Flowers,65,548,18,85,1
Wheat,78,680,17,46,1
Sugarcane,187,679,26,39,1
Sugarcane,79,333,33,37,0
Wheat,29,339,18,40,0
Paddy,66,400,29,19,1
Maize,9,205,24,20,0
Potato,72,554,16,54,1
Sugarcane,207,536,35,52,1
Sugarcane,194,281,28,11,0
Sugarcane,76,149,25,41,0
Sugarcane,183,369,23,48,0
Sugarcane,26,360,37,15,0
Sugarcane,1,393,22,35,1
Maize,10,380,25,21,1
Potato,7,484,28,31,1
Maize,115,752,37,31,1
Paddy,132,219,24,11,0
Wheat,83,197,17,35,0
Coffee,52,257,24,22,0
Garden Flowers,122,414,21,65,1
Maize,34,248,34,16,0
Sugarcane,108,198,21,60,0
Maize,114,154,27,44,0
Wheat,34,713,26,32,1
Wheat,17,430,23,72,0
Coffee,47,325,25,16,0
Garden Flowers,116,340,18,70,0
Maize,98,723,32,21,1
Pulse,3,330,29,23,0
Sugarcane,37,583,36,71,1
Sugarcane,171,771,24,57,1
Coffee,54,328,15,27,1
Sugarcane,45,120,27,29,0
Garden Flowers,179,638,16,67,1
Potato,84,339,14,14,0
Groundnuts,53,741,26,36,1
Paddy,10,761,32,28,1
Sugarcane,153,347,25,11,0
Garden Flowers,137,147,22,72,0
Maize,5,570,26,24,1
Pulse,25,739,28,41,1
Wheat,36,169,21,14,0
Coffee,17,605,19,16,1
Pulse,35,372,32,46,1
Pulse,32,440,16,46,1
Wheat,112,550,28,40,0
Paddy,90,250,25,45,0
Sugarcane,76,294,32,11,0
Potato,65,536,16,61,1
Garden Flowers,77,149,18,70,0
Groundnuts,94,424,19,50,1
Maize,32,359,28,21,0
Potato,48,158,28,20,0
Coffee,43,120,18,14,0
Paddy,61,250,29,26,0
Coffee,73,596,24,27,1
Sugarcane,124,623,28,45,1
Wheat,77,339,29,39,0
Potato,12,498,20,36,1
Groundnuts,94,230,21,18,0
Paddy,75,408,21,35,1
Potato,41,151,28,37,0
Paddy,83,250,25,34,0
Potato,11,218,18,23,0
Wheat,54,281,20,16,0
Paddy,30,834,28,44,1
Sugarcane,131,206,24,34,0
Sugarcane,186,178,30,19,0
Potato,91,626,23,64,1
Potato,94,212,17,31,0
Groundnuts,15,283,30,41,0
Wheat,95,171,28,26,0
Groundnuts,21,221,26,34,0
Potato,49,408,14,29,1
Potato,4,437,20,43,1
Maize,92,217,27,43,0
Sugarcane,183,265,36,38,0
Garden Flowers,24,447,21,71,1
Sugarcane,58,388,32,30,0
Potato,49,144,23,26,0
Potato,38,429,29,41,1
Garden Flowers,110,519,14,69,1
Maize,46,375,32,27,0
Coffee,47,662,19,22,1
Groundnuts,86,789,29,15,1
Sugarcane,111,899,25,71,1
Garden Flowers,53,358,18,72,0
Sugarcane,157,877,22,71,1
Coffee,9,698,17,24,1
Coffee,55,164,26,14,0
Groundnuts,83,360,36,23,0
Maize,43,511,32,19,1
Sugarcane,84,296,32,48,0
Potato,24,359,16,68,0
Groundnuts,47,750,33,15,1
Potato,7,550,18,68,1
Sugarcane,122,244,24,47,0
Wheat,16,398,25,33,0
Groundnuts,62,231,27,18,0
Sugarcane,152,369,24,49,0
Garden Flowers,57,350,16,80,0
Maize,90,358,30,19,1
Maize,40,721,20,18,1
Garden Flowers,43,379,28,68,1
Garden Flowers,164,354,14,67,0
Maize,68,197,24,37,0
Groundnuts,67,254,33,45,0
Wheat,102,304,28,41,1
Sugarcane,41,330,15,80,0
Maize,111,299,37,26,0
Paddy,82,485,26,37,1
Wheat,19,586,29,33,1
Coffee,33,230,21,28,0
Paddy,49,719,38,55,1
Coffee,60,507,18,25,1
Sugarcane,9,410,20,69,1
Maize,21,791,29,20,1
Potato,58,695,21,24,1
Wheat,15,607,24,51,1
Wheat,80,850,22,16,1
Wheat,27,241,15,15,0
Wheat,77,245,24,53,0
Garden Flowers,109,238,19,64,0
Sugarcane,192,679,25,21,1
Maize,21,142,26,30,0
Maize,98,210,25,14,0
Potato,22,137,25,40,0
Sugarcane,165,253,26,42,0
Potato,14,227,27,22,0
Paddy,129,189,37,22,0
Wheat,55,348,22,22,0
Maize,29,727,18,18,1
Pulse,6,500,30,19,1
Paddy,54,700,42,33,1
Sugarcane,13,540,16,75,1
Wheat,20,743,31,51,1
Groundnuts,60,651,36,35,1
Groundnuts,29,761,21,50,1
Sugarcane,84,207,37,32,0
Groundnuts,26,398,27,22,0
Paddy,61,899,35,64,1
Groundnuts,59,558,27,29,1
Wheat,35,619,30,44,1
Sugarcane,205,370,24,51,1
Maize,61,531,22,26,1
Potato,82,207,16,17,0
Coffee,1,209,30,28,0
Coffee,37,330,15,17,0
Groundnuts,100,375,34,31,0
Wheat,14,458,16,63,1
Sugarcane,120,189,25,50,0
Potato,1,317,18,11,0
Garden Flowers,54,598,28,67,1
Sugarcane,125,793,29,64,1
Paddy,141,350,31,13,0
Sugarcane,119,642,23,46,1
Coffee,45,273,15,25,0
Groundnuts,24,199,23,51,0
Coffee,88,130,23,26,0
Wheat,10,400,30,15,0
Wheat,39,541,16,56,1
Groundnuts,19,355,35,46,1
Maize,119,507,18,30,1
Groundnuts,87,579,19,21,1
Maize,51,368,26,17,0
Potato,81,188,17,26,0
Garden Flowers,117,132,21,60,0
Paddy,44,120,25,34,0
Sugarcane,150,222,31,32,0
Garden Flowers,101,512,21,81,1
Maize,76,161,30,37,0
Wheat,9,561,22,58,1
Paddy,33,716,29,31,1
Wheat,5,207,24,21,0
Maize,83,449,30,19,1
Garden Flowers,64,347,15,78,1
Sugarcane,150,774,24,66,1
Pulse,42,543,30,19,1
Paddy,100,350,26,36,1
Wheat,19,635,21,47,1
Coffee,26,570,15,28,1
Wheat,26,435,28,59,1
Potato,104,450,19,62,0
Sugarcane,112,670,22,66,1
Maize,1,400,30,20,1
Potato,15,189,18,64,0
Coffee,32,619,24,27,1
Wheat,85,266,29,29,0
Coffee,70,544,22,28,1
Garden Flowers,71,273,34,71,0
Coffee,38,347,25,15,1
Sugarcane,136,657,29,46,1
Garden Flowers,134,252,20,61,0
Maize,96,220,26,12,0
Garden Flowers,11,672,25,81,1
Coffee,86,349,26,23,1
Sugarcane,142,666,26,70,1
Wheat,50,270,23,45,0
Wheat,109,512,31,56,1
Garden Flowers,87,543,30,61,1
Groundnuts,112,552,24,40,1
Sugarcane,210,611,22,19,1
Sugarcane,26,212,27,31,0
Sugarcane,69,288,24,28,0
Potato,76,372,27,31,0
Sugarcane,172,128,30,29,0
Maize,80,707,27,18,1
Sugarcane,47,210,17,70,0
Garden Flowers,119,205,23,71,0
Paddy,140,482,37,34,1
Wheat,22,495,17,23,1
Sugarcane,106,735,29,48,1
Garden Flowers,81,292,21,78,0
Wheat,89,415,21,49,0
Wheat,71,442,14,51,1
Coffee,12,603,30,17,1
Potato,53,530,26,39,1
Paddy,42,400,41,12,1
Wheat,108,168,23,38,0
Coffee,70,223,26,18,0
Garden Flowers,138,749,21,66,1
Wheat,62,648,16,59,1
Garden Flowers,27,341,14,75,1
Sugarcane,88,478,30,45,1
Sugarcane,128,147,22,43,0
Sugarcane,160,823,21,36,1
Paddy,49,672,39,43,1
Maize,93,312,37,18,0
Wheat,23,453,17,37,1
Paddy,100,206,38,22,0
Groundnuts,15,559,21,44,1
Groundnuts,52,162,24,18,0
Wheat,21,531,27,55,1
Groundnuts,11,289,24,19,0
Coffee,71,201,25,17,0
Paddy,99,397,38,33,0
Garden Flowers,58,329,20,70,0
Paddy,72,260,25,40,0
Potato,68,498,20,21,1
Sugarcane,105,321,21,21,0
Sugarcane,115,280,37,14,0
Sugarcane,108,828,20,33,1
Coffee,85,580,29,21,1
Wheat,82,215,18,22,0
Potato,94,637,22,35,1
Maize,119,697,19,28,1
Wheat,2,743,18,63,1
Wheat,49,744,30,29,1
Coffee,26,666,20,17,1
Potato,24,333,18,27,1
Paddy,24,255,29,32,0
Sugarcane,154,655,31,55,1
Potato,50,239,17,65,0
Coffee,68,324,30,18,1
Wheat,64,250,18,17,0
Wheat,8,350,21,28,0
Potato,14,672,14,28,1
Groundnuts,53,303,23,32,0
Sugarcane,113,655,31,49,1
Potato,93,217,15,17,0
Sugarcane,13,381,28,64,1
Wheat,15,510,20,47,1
Maize,67,418,35,30,1
Paddy,122,615,30,54,1
Wheat,60,729,30,48,1
Maize,13,461,33,29,1
Groundnuts,37,678,27,20,1
Sugarcane,158,849,32,39,1
Garden Flowers,154,361,34,73,0
Sugarcane,41,283,24,31,0
Sugarcane,136,307,28,11,0
Wheat,30,400,34,32,0
Potato,99,201,24,30,0
Wheat,108,639,17,28,1
Sugarcane,107,220,23,40,0
Groundnuts,101,173,27,17,0
Paddy,77,818,23,44,1
Potato,10,331,29,18,0
Wheat,121,990,34,26,1
Paddy,74,742,25,55,1
Wheat,18,570,25,35,1
Coffee,30,448,26,25,1
Maize,2,696,35,20,1
Coffee,4,133,15,19,0
Wheat,45,700,21,15,1
Pulse,48,478,33,41,1
Coffee,18,464,27,24,1
Wheat,114,339,21,51,0
Paddy,73,234,39,18,0
Maize,57,211,34,30,0
Pulse,36,498,30,24,1
Sugarcane,18,462,28,33,1
Garden Flowers,78,320,17,77,0
Potato,70,356,26,38,1
Garden Flowers,84,129,29,61,0
Coffee,17,525,21,21,1
Groundnuts,110,336,38,28,1
Wheat,76,306,24,52,1
Wheat,36,561,20,61,1
Potato,19,176,25,44,0
Coffee,85,171,19,21,0
Sugarcane,147,247,37,20,0
Wheat,103,311,18,32,0
Garden Flowers,15,718,27,61,1
Wheat,26,768,20,33,1
Sugarcane,177,935,30,32,1
Paddy,139,584,28,23,1
Wheat,13,279,20,32,0
Maize,4,450,31,21,1
Sugarcane,70,330,24,14,0
Sugarcane,148,710,31,34,1
Paddy,63,686,20,49,1
Sugarcane,35,867,31,71,1
Sugarcane,70,381,22,27,0
Sugarcane,74,124,21,32,0
Maize,36,215,31,39,0
Maize,50,261,32,27,0
Potato,34,410,16,69,0
Wheat,35,744,28,52,1
Coffee,85,273,18,16,0
Maize,47,680,39,33,1
Sugarcane,50,374,24,30,0
Maize,7,330,25,25,1
Paddy,80,146,27,20,0
Sugarcane,4,262,22,24,0
Sugarcane,199,566,32,62,1
Maize,33,801,33,18,1
Sugarcane,45,129,18,70,0
Sugarcane,155,486,34,40,1
Wheat,19,195,22,17,0
Coffee,87,228,27,14,0
Potato,66,390,17,30,1
Coffee,41,534,27,24,1
Maize,45,157,20,41,0
Sugarcane,144,142,29,13,0
Sugarcane,140,770,33,48,1
Wheat,63,251,14,18,0
Garden Flowers,36,280,20,65,0
Groundnuts,100,551,39,27,1
Wheat,40,417,17,34,0
Potato,39,284,21,38,0
Maize,21,122,22,27,0
Wheat,3,230,27,53,0
Coffee,43,578,25,15,1
Pulse,40,175,19,34,0
Wheat,39,724,30,30,1
Groundnuts,24,236,23,38,0
Sugarcane,194,634,34,36,1
Groundnuts,56,134,20,38,0
Coffee,59,317,28,25,0
Potato,55,367,28,43,1
Maize,48,350,35,20,1
Wheat,116,352,16,49,0
Maize,36,256,38,23,0
Pulse,91,120,32,44,0
Potato,92,525,18,34,1
Groundnuts,77,611,21,33,1
Groundnuts,79,759,34,29,1
Wheat,21,405,14,38,0
Wheat,88,197,27,53,0
Groundnuts,46,147,27,18,0
Groundnuts,75,614,32,45,1
Paddy,14,366,31,13,0
Sugarcane,54,219,32,33,0
Wheat,51,292,26,14,0
Coffee,63,620,25,24,1
Wheat,38,487,20,24,1
Garden Flowers,89,179,18,78,0
Groundnuts,39,597,23,30,1
Potato,29,153,14,33,0
Wheat,6,198,26,53,1
Sugarcane,13,730,23,35,1
Sugarcane,192,151,26,31,0
Wheat,48,327,16,30,0
Wheat,62,444,16,51,1
Garden Flowers,109,193,15,67,0
Sugarcane,3,217,32,42,0
Wheat,87,170,30,52,0
Wheat,5,694,15,43,1
Garden Flowers,44,407,29,84,1
Wheat,7,735,27,28,1
Coffee,83,143,27,25,0
Wheat,3,309,30,35,0
Garden Flowers,167,318,20,79,0
Pulse,19,559,28,32,1
Coffee,80,394,21,28,1
Wheat,101,543,23,31,1
Potato,60,292,27,18,0
Wheat,58,679,19,34,1
Wheat,101,142,23,15,0
Garden Flowers,141,315,31,70,0
Wheat,111,506,19,63,1
Groundnuts,103,747,30,54,1
Wheat,156,880,34,33,0
Wheat,85,300,25,19,0
Paddy,149,563,37,24,1
Sugarcane,159,367,21,21,0
Coffee,5,496,19,25,1
Garden Flowers,94,727,24,83,1
Coffee,10,129,30,26,0
Groundnuts,74,375,25,34,0
Potato,81,428,28,51,1
Coffee,57,242,28,25,0
Paddy,146,191,29,27,0
Sugarcane,78,203,36,35,0
Sugarcane,190,692,36,25,1
Sugarcane,134,843,31,28,1
Potato,93,643,19,47,1
Wheat,106,277,30,29,0
Potato,18,466,14,48,1
Maize,38,528,25,33,1
Potato,6,244,16,21,0
Sugarcane,5,552,27,38,1
Pulse,7,345,24,37,1
Paddy,15,510,25,33,1
Wheat,18,776,19,51,1
Coffee,17,515,17,29,1
Sugarcane,156,727,33,37,1
Paddy,92,415,21,25,0
Coffee,60,314,15,17,0
Groundnuts,85,178,39,36,0
Maize,75,206,35,22,0
Paddy,75,760,31,14,1
Sugarcane,35,550,25,49,1
Groundnuts,93,310,38,19,0
Maize,1,319,33,39,0
Garden Flowers,16,275,15,74,0
Sugarcane,30,630,21,69,1
Groundnuts,52,339,25,22,1
Sugarcane,77,178,34,27,0
Maize,59,343,33,16,0
Coffee,14,120,31,22,0
Maize,59,494,33,27,1
Wheat,111,676,23,49,1
Garden Flowers,49,144,34,80,0
Coffee,13,305,17,16,0
Coffee,36,122,31,20,0
Groundnuts,37,726,39,38,1
Potato,22,241,29,27,0
Coffee,61,134,24,26,0
Wheat,77,458,22,30,1
Groundnuts,12,342,36,41,1
Pulse,92,407,20,38,1
Sugarcane,46,357,26,33,0
Groundnuts,89,344,29,26,0
Garden Flowers,47,184,16,77,0
Groundnuts,60,789,24,19,1
Sugarcane,122,806,24,34,1
Potato,87,671,17,57,1
Groundnuts,47,411,18,41,1
Potato,92,269,17,64,0
Wheat,105,306,32,67,0
Garden Flowers,162,670,31,82,1
Sugarcane,113,808,30,54,1
Groundnuts,48,352,24,28,0
Groundnuts,70,493,39,27,1
Pulse,29,172,28,32,0
Sugarcane,132,801,36,65,1
Wheat,103,639,18,20,1
Wheat,49,649,18,23,1
Groundnuts,106,341,37,40,0
Sugarcane,132,232,32,15,0
Sugarcane,129,622,27,74,1
Maize,59,247,24,13,0
Wheat,59,334,30,27,0
Pulse,71,283,20,46,0
Potato,55,339,25,43,0
Paddy,1,300,30,17,1
Potato,62,263,29,34,0
Wheat,52,342,23,29,0
Paddy,127,287,39,13,0
Wheat,86,313,20,56,1
Garden Flowers,17,371,28,77,0
Wheat,98,300,27,12,0
Maize,33,550,27,23,1
Paddy,127,223,32,29,0
Groundnuts,103,525,23,52,1
Garden Flowers,106,451,18,79,1
Wheat,69,721,26,60,1
Coffee,37,299,28,14,0
Sugarcane,112,478,21,54,1
Maize,58,425,26,27,1
Groundnuts,64,205,28,54,0
Paddy,10,147,26,13,0
Wheat,2,232,18,27,0
Wheat,89,429,24,50,1
Wheat,64,504,30,27,1
Sugarcane,40,322,37,13,0
Maize,97,185,30,41,0
Coffee,52,303,20,20,1
Paddy,103,252,22,21,0
Sugarcane,131,291,20,45,0
Sugarcane,14,239,29,26,0
Wheat,132,600,22,21,0
Wheat,12,536,20,29,1
Groundnuts,108,159,24,20,0
Maize,100,358,32,43,0
Garden Flowers,133,700,33,76,1
Sugarcane,56,339,18,69,0
Sugarcane,180,169,30,19,0
Coffee,31,199,30,27,0
Groundnuts,15,352,33,30,1
Coffee,1,625,22,18,1
Maize,76,239,25,40,0
Sugarcane,89,529,36,32,1
Wheat,26,425,26,17,0
Potato,82,230,16,68,0
Wheat,39,228,23,49,0
Paddy,21,650,35,12,1
Wheat,73,377,26,44,1
Groundnuts,75,517,25,15,1
Sugarcane,145,214,28,45,0
Wheat,19,649,29,61,0
Groundnuts,66,780,22,21,1
Paddy,55,376,24,16,0
Potato,49,625,29,68,1
Coffee,29,540,27,15,1
Sugarcane,73,742,20,64,1
Sugarcane,186,300,29,40,0
Sugarcane,39,829,36,59,1
Coffee,45,221,23,17,0
Sugarcane,69,168,29,15,0
Wheat,92,617,28,26,1
Garden Flowers,2,572,30,77,1
Sugarcane,101,891,29,57,1
Maize,4,155,35,14,0
Maize,114,760,21,18,1
Maize,17,364,31,13,0
Sugarcane,168,764,29,39,1
Maize,90,682,23,29,1
Paddy,148,850,23,31,1
Wheat,109,393,19,45,0
Potato,45,245,24,44,0
Sugarcane,27,550,20,65,1
Garden Flowers,19,350,22,60,1
Potato,44,120,23,43,0
Coffee,80,499,27,27,1
Garden Flowers,166,642,21,66,1
Groundnuts,87,248,19,33,0
Sugarcane,37,157,18,70,0
Paddy,129,750,24,58,1
Coffee,12,468,17,17,1
Wheat,41,570,23,15,0
Garden Flowers,175,209,30,62,0
Wheat,27,350,34,43,0
Coffee,89,507,16,24,1
Sugarcane,139,268,22,22,0
Sugarcane,76,195,33,25,0
Paddy,148,272,21,19,0
Wheat,12,337,26,50,0
Sugarcane,179,167,23,44,0
Wheat,110,301,14,50,0
Sugarcane,144,210,30,38,0
Wheat,15,272,30,43,0
Potato,1,443,18,22,1
Coffee,21,211,25,16,0
Wheat,74,600,23,15,0
Groundnuts,19,650,22,35,1
Sugarcane,143,577,34,70,1
Wheat,74,338,26,50,1
Potato,18,229,27,34,0
Wheat,25,305,16,50,0
Potato,22,287,15,70,0
Potato,58,617,24,57,1
Coffee,28,342,16,28,0
Garden Flowers,71,358,15,73,1
Maize,119,586,30,30,1
Groundnuts,6,233,36,25,0
Coffee,31,489,25,16,1
Maize,42,632,29,21,1
Potato,30,291,18,20,0
Wheat,37,319,14,54,1
Wheat,27,277,18,43,0
Coffee,61,606,24,20,1
Garden Flowers,25,339,24,60,0
Sugarcane,123,317,20,33,0
Sugarcane,111,253,34,37,0
Groundnuts,19,564,37,30,1
Groundnuts,107,572,22,34,1
Sugarcane,204,821,35,74,1
Coffee,74,610,16,18,1
Garden Flowers,46,420,26,78,1
Pulse,63,480,36,35,1
Maize,21,368,39,21,0
Potato,68,598,18,54,1
Sugarcane,161,135,37,40,0
Wheat,33,410,30,41,1
Wheat,98,413,31,44,0
Coffee,74,218,31,21,0
Pulse,94,420,23,45,1
Sugarcane,6,496,25,52,1
Pulse,20,743,31,44,1
Groundnuts,108,182,37,53,0
Maize,12,680,20,32,1
Sugarcane,4,195,32,13,0
Potato,34,497,15,57,1
Potato,48,599,15,42,1
Paddy,3,400,33,16,1
Wheat,39,248,24,38,0
Potato,38,370,27,43,0
Sugarcane,148,279,37,24,0
Wheat,15,580,17,30,1
Coffee,36,591,30,17,1
Wheat,72,161,28,39,0
Groundnuts,29,120,32,22,0
Paddy,29,270,33,25,0
Groundnuts,49,468,37,27,1
Sugarcane,149,782,20,62,1
Potato,49,726,25,47,1
Wheat,89,480,23,55,1
Garden Flowers,40,633,19,63,1
Sugarcane,81,768,23,59,1
Paddy,25,413,20,31,0
Groundnuts,108,391,28,23,0
Sugarcane,153,403,20,60,1
Potato,75,290,22,61,1
Sugarcane,172,320,28,14,0
Groundnuts,108,179,19,49,0
Potato,77,373,29,12,0
Potato,3,178,20,68,0
Coffee,44,355,23,16,1
Wheat,34,152,29,33,0
Wheat,37,218,25,50,0
Garden Flowers,139,573,20,74,1
Coffee,50,229,25,23,0
Potato,26,328,29,25,0
Pulse,40,636,36,36,1
Sugarcane,168,222,25,31,0
Sugarcane,5,300,19,80,0
Sugarcane,206,464,23,58,1
Sugarcane,110,477,31,46,1
Garden Flowers,57,236,32,66,0
Groundnuts,63,631,38,35,1
Sugarcane,8,354,31,43,0
Groundnuts,114,688,24,25,1
Sugarcane,104,755,37,71,1
Wheat,8,232,16,25,0
Garden Flowers,83,140,17,83,0
Sugarcane,139,392,22,28,0
Potato,88,356,16,11,0
Garden Flowers,18,595,19,80,1
Maize,31,129,28,34,0
Garden Flowers,27,730,25,69,1
Garden Flowers,141,332,16,78,0
Garden Flowers,16,120,34,68,0
Sugarcane,76,550,29,56,1
Garden Flowers,103,320,15,80,0
Garden Flowers,142,205,29,73,0
Coffee,41,219,25,18,0
Maize,50,334,21,14,0
Potato,3,455,19,29,1
Wheat,79,715,24,42,1
Sugarcane,104,314,28,39,0
Wheat,101,199,26,27,1
Wheat,97,559,17,58,1
Coffee,25,210,24,18,0
Sugarcane,86,842,27,65,1
Paddy,123,255,30,15,0
Coffee,68,261,24,26,0
Potato,74,334,21,47,1
Sugarcane,47,418,20,28,1
Paddy,86,761,27,36,1
Pulse,4,329,16,44,0
Maize,5,476,36,29,1
Maize,100,347,32,19,1
Sugarcane,39,240,16,70,0
Garden Flowers,178,366,33,63,1
Groundnuts,61,369,27,27,0
Wheat,104,373,16,35,0
Groundnuts,81,352,27,36,0
Garden Flowers,25,321,16,82,0
Coffee,46,232,17,17,0
Sugarcane,7,560,18,70,1
Sugarcane,171,625,35,43,1
Wheat,20,715,26,29,1
Garden Flowers,173,480,29,81,1
Groundnuts,67,355,25,34,0
Coffee,81,643,22,15,1
Maize,37,247,29,22,0
Groundnuts,58,792,22,27,1
Coffee,97,398,25,18,0
Paddy,12,535,31,48,1
Maize,81,230,25,19,0
Pulse,17,655,29,33,1
Sugarcane,178,678,31,19,1
Wheat,63,167,30,36,0
Paddy,12,460,33,15,1
Sugarcane,35,550,17,78,1
Wheat,73,748,24,22,1
Coffee,29,517,19,25,1
Coffee,86,361,31,28,1
Potato,11,321,16,66,0
Coffee,43,245,24,26,0
Wheat,16,127,17,50,0
Paddy,146,128,37,24,0
Sugarcane,199,762,21,65,1
Sugarcane,118,630,26,52,1
Sugarcane,152,154,34,45,0
Garden Flowers,34,177,33,72,0
Wheat,40,320,28,52,1
Maize,112,217,25,29,0
Potato,23,301,16,40,0
Potato,90,379,22,66,1
Potato,2,365,21,33,0
Groundnuts,99,191,36,32,0
Sugarcane,81,344,27,29,0
Maize,119,150,29,27,0
Potato,69,677,23,29,1
Coffee,46,609,24,29,1
Wheat,62,793,20,35,1
Maize,56,456,31,34,1
Groundnuts,102,287,33,19,0
Garden Flowers,58,179,17,81,0
Wheat,29,503,17,54,1
Paddy,131,591,21,63,1
Sugarcane,18,541,22,64,1
Groundnuts,22,291,30,39,0
Paddy,18,560,30,25,1
Garden Flowers,108,190,33,77,0
Sugarcane,200,368,24,42,1
Potato,45,334,16,24,1
Pulse,48,852,32,18,1
Sugarcane,16,495,24,60,1
Maize,37,394,34,19,1
Maize,90,475,19,28,1
Maize,88,147,21,29,0
Potato,65,746,16,54,1
Groundnuts,53,469,27,18,0
Groundnuts,22,120,39,27,0
Sugarcane,123,794,28,63,1
Sugarcane,142,374,25,46,0
Sugarcane,141,438,35,42,1
Sugarcane,39,364,34,42,0
Paddy,67,441,32,58,1
Sugarcane,153,120,26,22,0
Groundnuts,93,330,29,54,0
Garden Flowers,18,356,27,80,0
Paddy,16,579,35,37,1
Groundnuts,97,470,35,43,1
Paddy,51,459,25,61,1
Groundnuts,50,789,39,29,1
Pulse,27,192,20,32,0
Garden Flowers,14,533,17,78,1
Sugarcane,138,687,25,43,1
Garden Flowers,172,120,14,75,0
Sugarcane,71,158,33,13,0
Coffee,29,211,27,16,0
Coffee,14,655,19,21,1
Sugarcane,24,130,36,14,0
Groundnuts,79,740,22,20,1
Maize,15,749,20,24,1
Paddy,39,869,36,31,1
Pulse,1,561,26,48,1
Maize,85,235,29,34,0
Sugarcane,129,127,24,42,0
Maize,18,417,39,33,1
Wheat,19,399,20,29,1
Sugarcane,61,890,30,26,1
Sugarcane,160,817,34,72,1
Wheat,109,790,15,28,1
Garden Flowers,60,717,26,83,1
Groundnuts,99,729,39,37,1
Groundnuts,29,321,26,50,0
Wheat,114,384,15,30,0
Wheat,59,220,30,46,0
Sugarcane,110,651,24,30,1
Sugarcane,207,169,34,33,0
Garden Flowers,36,384,15,82,1
Garden Flowers,64,437,29,83,1
Wheat,108,255,24,27,0
Sugarcane,38,334,37,18,0
Wheat,18,745,18,44,1
Coffee,61,256,27,24,0
Paddy,126,186,37,22,0
Groundnuts,92,789,26,16,1
Potato,67,310,27,19,0
Sugarcane,88,269,30,14,0
Wheat,94,619,31,50,1
Groundnuts,45,201,23,19,0
Pulse,77,257,33,42,0
Maize,75,181,35,39,0
Groundnuts,73,293,25,28,0
Garden Flowers,81,695,26,66,1
Sugarcane,202,245,30,48,0
Sugarcane,36,632,33,42,1
Groundnuts,80,250,22,34,0
Maize,46,377,35,31,0
Garden Flowers,23,135,18,67,0
Groundnuts,104,553,34,39,1
Sugarcane,205,397,30,47,0
Coffee,13,220,26,15,0
Groundnuts,22,244,34,35,0
Paddy,124,318,21,21,0
Sugarcane,66,459,19,65,1
Maize,71,553,30,28,1
Sugarcane,160,853,25,59,1
Paddy,60,798,23,31,1
Sugarcane,158,339,26,45,0
Sugarcane,191,336,23,27,0
Coffee,29,506,30,22,1
Wheat,26,439,15,16,0
Sugarcane,35,697,36,27,1
Maize,103,430,38,23,0
Sugarcane,208,755,25,32,1
Paddy,82,263,23,22,0
Groundnuts,30,563,38,36,1
Groundnuts,63,166,38,44,0
Potato,64,708,25,31,1
Wheat,8,399,29,49,1
Wheat,59,266,20,51,0
Coffee,37,185,31,21,0
Garden Flowers,39,125,34,68,0
Sugarcane,181,288,25,47,0
Sugarcane,56,312,34,30,0
Coffee,24,310,27,26,0
Sugarcane,77,484,23,43,1
Maize,99,291,36,30,0
Potato,50,286,17,34,0
Paddy,148,517,28,53,1
Groundnuts,34,419,23,42,1
Sugarcane,108,258,34,37,0
Coffee,82,412,24,23,1
Groundnuts,112,505,20,17,1
Potato,4,648,22,64,1
Sugarcane,13,847,33,54,1
Paddy,27,495,40,12,1
Sugarcane,124,132,37,47,0
Paddy,122,390,28,31,1
Sugarcane,8,148,27,17,0
Coffee,24,235,23,23,0
Coffee,41,678,21,21,1
Garden Flowers,91,279,19,76,0
Sugarcane,112,713,34,47,1
Paddy,56,230,32,14,0
Garden Flowers,30,761,22,84,1
Paddy,89,750,22,58,1
Wheat,42,465,31,64,1
Sugarcane,60,634,32,31,1
Maize,39,743,35,19,1
Potato,4,310,21,19,0
Pulse,58,288,29,36,0
Maize,86,421,20,23,1
Potato,20,740,15,69,1
Coffee,43,199,15,16,0
Sugarcane,143,160,26,12,0
Groundnuts,19,526,29,19,1
Wheat,24,311,16,45,0
Wheat,1,415,21,21,0
Wheat,66,700,25,17,1
Coffee,38,469,28,20,1
Sugarcane,23,677,27,50,1
Groundnuts,89,346,21,50,1
Paddy,36,600,32,15,1
Sugarcane,190,335,34,37,0
Sugarcane,123,162,29,35,0
Maize,15,646,37,31,1
Groundnuts,37,372,29,49,0
Paddy,79,250,25,45,0
Sugarcane,144,801,27,38,1
Wheat,82,311,25,32,1
Groundnuts,78,277,30,39,1
Coffee,56,535,27,28,1
Maize,60,140,34,29,0
Garden Flowers,36,287,29,83,0
Pulse,27,495,30,35,1
Potato,3,389,21,31,1
Wheat,8,778,30,42,1
Potato,17,585,21,30,1
Coffee,61,329,20,19,0
Maize,102,425,31,32,1
Potato,6,510,18,51,1
Sugarcane,95,727,30,28,1
Wheat,37,615,29,32,1
Garden Flowers,77,518,18,82,1
Maize,34,425,34,27,0
Coffee,13,128,25,24,0
Groundnuts,17,427,36,25,1
Potato,49,171,15,39,0
Paddy,34,422,29,49,1
Potato,95,343,28,42,1
Coffee,39,534,25,29,1
Coffee,42,134,15,24,0
Garden Flowers,113,287,14,84,0
Maize,68,752,22,31,1
Sugarcane,90,439,32,30,1
Sugarcane,163,167,28,18,0
Wheat,11,355,30,23,0
Pulse,45,569,30,19,1
Coffee,51,256,27,21,0
Potato,42,217,14,41,0
Sugarcane,203,375,30,35,0
Garden Flowers,72,609,15,75,1
Sugarcane,18,615,22,47,1
Wheat,41,786,17,32,1
Maize,25,288,30,30,0
Wheat,113,407,15,38,0
Sugarcane,87,774,28,34,1
Sugarcane,202,389,17,28,0
Wheat,75,136,23,42,0
Maize,46,488,25,32,1
Sugarcane,42,425,32,28,1
Potato,94,488,28,23,1
Sugarcane,12,504,26,33,1
Garden Flowers,93,137,26,83,0
Potato,38,194,27,12,0
Potato,12,121,21,21,0
Sugarcane,11,286,18,68,0
Sugarcane,88,313,27,25,0
Wheat,45,498,28,31,0
Sugarcane,92,879,21,46,1
Groundnuts,76,186,32,33,0
Coffee,35,699,29,25,1
Groundnuts,15,364,20,51,0
Paddy,145,531,32,35,1
Wheat,99,720,28,19,1
Maize,4,822,19,21,1
Paddy,14,543,23,34,1
Groundnuts,24,192,26,51,0
Garden Flowers,158,683,33,73,1
Maize,43,258,37,28,0
Paddy,6,333,33,13,0
Garden Flowers,169,364,31,71,1
Potato,55,486,25,16,0
Potato,69,342,22,41,0
Sugarcane,34,599,29,33,1
Wheat,97,235,14,13,0
Wheat,114,168,20,27,0
Potato,42,228,23,41,0
Sugarcane,152,456,30,25,0
Sugarcane,84,419,21,39,0
Wheat,61,141,19,11,0
Wheat,145,667,24,34,0
Potato,48,140,19,40,0
Groundnuts,111,330,39,43,0
Potato,11,262,29,13,0
Sugarcane,109,170,29,45,0
Wheat,27,264,22,43,0
Pulse,21,304,24,29,0
Maize,114,297,31,25,0
Wheat,48,141,27,40,0
Sugarcane,65,540,29,66,1
Paddy,115,389,30,52,1
Garden Flowers,157,501,27,83,1
Potato,1,416,17,64,1
Sugarcane,19,292,23,40,0
Potato,21,444,15,56,1
Maize,100,776,24,23,1
Garden Flowers,79,215,23,80,0
Maize,111,253,38,26,0
Pulse,24,467,29,42,1
Paddy,17,407,28,16,0
Coffee,51,494,15,22,1
Sugarcane,188,239,27,20,0
Wheat,39,393,17,35,0
Sugarcane,57,237,23,43,0
Wheat,35,334,30,36,0
Coffee,9,237,30,14,0
Wheat,27,148,28,32,0
Maize,29,250,26,22,0
Paddy,26,240,33,36,0
Paddy,116,212,29,38,0
Potato,15,336,25,24,0
Potato,8,198,16,23,0
Wheat,34,230,21,50,0
Wheat,17,204,27,19,0
Maize,113,614,29,28,1
Paddy,4,209,24,38,0
Potato,19,329,18,40,0
Coffee,65,211,24,16,0
Maize,82,335,29,29,0
Garden Flowers,50,652,18,67,1
Sugarcane,84,474,26,48,1
Coffee,76,334,25,27,1
Garden Flowers,113,206,34,82,0
Garden Flowers,131,266,21,65,0
Wheat,76,464,30,63,1
Sugarcane,58,149,24,35,0
Sugarcane,62,205,37,24,0
Potato,44,416,17,53,1
Wheat,44,405,24,38,0
Coffee,66,533,30,21,1
Wheat,85,690,22,18,1
Wheat,20,669,27,21,1
Potato,98,340,16,33,0
Sugarcane,20,276,23,17,0
Wheat,116,284,27,41,0
Coffee,35,501,19,21,1
Coffee,22,236,25,16,0
Groundnuts,118,374,19,17,0
Coffee,85,164,23,26,0
Paddy,74,399,37,27,0
Coffee,32,447,24,27,1
Potato,97,519,22,31,1
Groundnuts,36,180,25,31,0
Garden Flowers,100,357,26,60,0
Potato,26,744,18,42,1
Maize,86,333,39,23,0
Coffee,84,376,15,19,1
Potato,29,271,23,27,0
Maize,109,777,34,18,1
Potato,2,251,18,44,0
Coffee,41,485,16,26,1
Sugarcane,48,303,31,21,0
Coffee,27,544,29,22,1
Garden Flowers,26,859,26,60,1
Paddy,37,401,28,38,0
Potato,52,367,16,61,0
Maize,61,139,30,42,0
Sugarcane,106,513,35,48,0
Potato,61,214,14,34,0
Wheat,2,359,29,48,1
Maize,67,130,35,26,0
Potato,87,206,14,23,0
Maize,76,525,31,23,1
Paddy,40,702,37,38,1
Sugarcane,96,738,23,70,1
Sugarcane,3,220,21,70,0
Maize,108,284,18,26,0
Wheat,115,230,29,41,0
Maize,20,199,24,18,0
Potato,45,335,22,11,0
Wheat,118,443,14,30,0
Potato,84,220,26,28,0
Garden Flowers,177,226,20,81,0
Potato,56,738,29,42,1
Sugarcane,156,324,34,33,0
Paddy,98,478,36,28,1
Sugarcane,129,788,27,61,1
Groundnuts,109,615,35,43,1
Potato,27,428,20,29,1
Groundnuts,95,304,32,32,0
Sugarcane,150,334,27,50,1
Wheat,91,760,26,52,1
Maize,42,711,30,18,1
Garden Flowers,34,465,21,65,1
Wheat,59,603,22,32,1
Potato,102,250,18,64,0
Coffee,86,247,28,16,0
Wheat,34,206,31,17,0
Pulse,10,553,20,40,1
Paddy,111,700,30,24,1
Paddy,15,411,36,15,0
Potato,18,230,15,39,0
Paddy,23,254,31,18,0
Garden Flowers,145,630,23,75,1
Wheat,117,127,17,36,0
Sugarcane,116,356,25,52,0
Paddy,124,149,27,12,0
Potato,98,125,29,34,0
Sugarcane,192,607,31,66,1
Sugarcane,93,496,22,32,1
Paddy,140,669,26,30,1
Coffee,95,210,23,17,0
Potato,27,357,27,21,1
Pulse,32,532,30,26,1
Coffee,38,145,23,24,0
Groundnuts,6,394,38,22,0
Wheat,38,627,18,45,1
Sugarcane,131,839,24,46,1
Coffee,15,253,23,18,0
Coffee,64,318,18,15,0
Potato,64,659,14,68,1
Garden Flowers,60,150,34,76,0
Maize,60,377,19,38,0
Wheat,4,437,22,13,0
Sugarcane,8,344,27,32,0
Sugarcane,72,126,33,13,0
Coffee,80,533,26,23,1
Paddy,93,139,25,30,0
Paddy,22,300,37,21,0
Paddy,16,324,32,20,0
Groundnuts,13,659,26,40,1
Groundnuts,38,306,18,18,0
Wheat,2,359,18,38,1
Wheat,79,636,26,38,1
Wheat,117,653,17,21,1
Groundnuts,21,535,33,27,1
Groundnuts,55,407,32,16,1
Potato,97,222,20,37,0
Paddy,92,354,30,27,0
Paddy,128,141,30,23,0
Potato,38,167,19,67,0
Coffee,24,283,23,23,0
Groundnuts,110,254,30,20,0
Wheat,46,260,21,52,0
Coffee,33,120,26,19,0
Wheat,98,770,21,41,1
Garden Flowers,80,814,19,66,1
Maize,17,456,30,24,1
Sugarcane,23,194,35,42,0
Sugarcane,194,368,23,28,0
Maize,109,379,24,25,1
Garden Flowers,111,213,32,74,0
Wheat,11,408,22,36,1
Potato,60,628,29,34,1
Maize,93,722,33,23,1
Groundnuts,85,451,36,16,1
Garden Flowers,44,275,15,64,0
Sugarcane,64,666,26,48,1
Sugarcane,203,237,32,43,0
Potato,70,477,18,69,1
Wheat,23,150,22,30,0
Coffee,87,632,24,18,1
Sugarcane,209,298,33,37,0
Sugarcane,115,488,36,45,1
Coffee,62,590,27,17,1
Potato,78,128,24,22,0
Paddy,128,666,28,29,1
Paddy,26,748,30,48,1
Groundnuts,54,393,38,44,0
Wheat,80,366,15,38,0
Groundnuts,104,615,32,43,1
Wheat,97,408,17,32,0
Paddy,139,310,31,22,0
Sugarcane,44,750,28,71,1
Coffee,72,326,18,15,0
Potato,95,619,23,34,1
Sugarcane,60,262,23,31,0
Garden Flowers,107,137,32,65,0
Sugarcane,25,330,18,70,0
Garden Flowers,134,185,19,80,0
Maize,54,141,31,16,0
Coffee,44,327,28,26,0
Sugarcane,131,488,33,54,1
Potato,86,333,19,44,0
Sugarcane,99,881,33,27,1
Paddy,58,225,31,20,0
Paddy,76,880,25,39,1
Pulse,38,321,27,29,0
Sugarcane,64,129,33,49,0
Potato,12,123,23,23,0
Wheat,89,360,24,59,1
Garden Flowers,24,237,15,66,0
Potato,71,351,14,31,0
Groundnuts,70,450,24,18,0
Sugarcane,159,594,22,30,1
Sugarcane,19,803,30,64,1
Sugarcane,13,359,22,29,0
Sugarcane,39,414,33,37,0
Paddy,34,736,36,59,1
Sugarcane,116,228,27,29,0
Sugarcane,80,366,27,23,0
Groundnuts,15,167,24,40,0
Coffee,9,352,27,28,1
Sugarcane,183,536,27,37,1
Potato,82,169,19,24,0
Wheat,26,292,25,15,0
Sugarcane,161,223,25,25,0
Garden Flowers,1,400,24,70,1
Sugarcane,64,699,33,35,1
Groundnuts,17,664,18,20,1
Potato,67,308,26,37,1
Wheat,18,301,30,32,1
Coffee,74,173,29,28,0
Sugarcane,7,394,34,72,1
Potato,72,578,20,61,1
Sugarcane,70,239,17,80,0
Garden Flowers,60,675,19,75,1
Sugarcane,130,384,36,33,1
Sugarcane,167,520,32,47,1
Sugarcane,15,836,31,42,1
Coffee,18,162,30,14,0
Sugarcane,156,189,28,35,0
Coffee,89,210,21,16,0
Sugarcane,163,218,36,49,0
Coffee,35,492,22,26,1
Pulse,13,424,27,53,1
Sugarcane,206,136,37,39,0
Groundnuts,119,125,38,30,0
Pulse,24,120,35,19,0
Groundnuts,31,166,23,22,0
Groundnuts,15,346,27,29,0
Sugarcane,132,335,25,43,0
Garden Flowers,54,328,29,72,0
Potato,17,667,24,46,1
Potato,9,128,17,68,0
Coffee,79,369,21,17,0
Maize,109,137,20,27,0
Sugarcane,10,333,36,14,0
Wheat,15,276,21,15,0
Potato,6,612,14,26,1
Coffee,68,120,18,28,0
Pulse,69,235,19,21,0
Paddy,111,710,24,60,1
Groundnuts,30,217,27,25,0
Coffee,21,556,15,18,1
Sugarcane,14,273,25,33,0
Groundnuts,82,201,27,16,0
Sugarcane,88,120,29,45,0
Garden Flowers,90,735,31,68,1
Potato,20,189,19,65,0
Paddy,28,621,27,34,1
Sugarcane,116,555,30,56,1
Groundnuts,28,383,18,30,1
Sugarcane,81,342,27,35,0
Potato,86,270,21,29,0
Maize,100,812,21,31,1
Paddy,139,131,29,35,0
Wheat,60,297,18,51,0
Garden Flowers,116,120,20,81,0
Garden Flowers,72,210,18,70,0
Paddy,142,810,29,49,1
Potato,66,149,18,65,0
Coffee,30,658,25,25,1
Garden Flowers,39,359,26,73,0
Potato,5,573,19,56,1
Pulse,87,589,21,37,1
Groundnuts,69,298,29,35,0
Sugarcane,144,374,28,25,1
Maize,53,784,39,22,1
Wheat,118,167,21,11,0
Coffee,13,258,27,23,0
Garden Flowers,30,576,21,65,1
Garden Flowers,24,584,25,69,1
Sugarcane,19,544,29,64,1
Groundnuts,9,746,19,31,1
Potato,40,622,22,64,1
Groundnuts,115,389,37,52,1
Maize,96,155,32,30,0
Wheat,58,545,25,22,1
Potato,23,300,18,19,0
Paddy,98,330,29,34,1
Wheat,101,172,18,20,0
Sugarcane,137,166,34,28,0
Coffee,23,167,27,21,0
Potato,30,230,18,65,0
Sugarcane,94,649,30,39,1
Groundnuts,75,374,26,42,0
Potato,58,136,16,68,0
Potato,34,366,21,50,1
Sugarcane,132,778,32,26,1
Sugarcane,208,643,31,61,1
Coffee,10,320,24,24,1
Paddy,125,716,27,52,1
Potato,21,391,28,35,1
Wheat,117,850,25,32,1
Groundnuts,91,331,32,29,0
Wheat,28,597,21,35,1
Paddy,110,326,31,59,1
Garden Flowers,47,375,22,72,1
Paddy,20,618,33,53,1
Maize,17,448,24,26,1
Paddy,16,149,29,27,0
Wheat,100,414,16,32,0
Potato,56,298,19,30,0
Pulse,32,600,35,29,1
Sugarcane,151,648,32,52,1
Paddy,62,842,26,34,1
Potato,10,190,23,44,0
Sugarcane,94,373,32,16,0
Wheat,93,478,25,37,1
Paddy,35,299,25,21,0
Sugarcane,52,139,18,70,0
Potato,33,197,21,44,0
Coffee,10,481,23,23,1
Groundnuts,100,344,36,19,0
Wheat,96,391,26,50,1
Sugarcane,192,393,26,52,1
Coffee,18,487,30,29,1
Wheat,32,565,29,26,1
Groundnuts,43,650,24,18,1
Sugarcane,171,878,23,25,1
Groundnuts,44,761,31,22,1
Wheat,8,797,14,27,1
Wheat,3,372,21,52,1
Potato,69,457,25,23,1
Sugarcane,25,879,32,67,1
Wheat,42,164,19,38,0
Sugarcane,2,184,29,25,0
Paddy,15,846,25,22,1
Wheat,85,185,24,49,0
Sugarcane,63,483,33,15,0
Maize,30,500,25,19,1
Paddy,112,651,27,47,1
Potato,44,206,22,21,0
Potato,32,327,26,20,1
Wheat,88,789,27,25,1
Sugarcane,119,748,30,71,1
Potato,11,563,14,26,1
Maize,42,583,28,23,1
Sugarcane,173,847,30,71,1
Potato,3,345,20,30,1
Maize,40,445,25,26,1
Sugarcane,63,853,33,27,1
Coffee,61,365,24,15,1
Wheat,17,446,26,14,0
Groundnuts,49,597,24,33,1
Potato,51,598,15,43,1
Garden Flowers,62,213,16,82,0
Potato,91,723,26,42,1
Maize,116,368,26,38,0
Groundnuts,50,441,23,54,1
Coffee,27,369,16,27,1
Wheat,41,153,30,47,0
Groundnuts,118,133,22,54,0
Paddy,105,717,22,29,1
Pulse,13,425,31,19,1
Wheat,28,700,37,32,1
Garden Flowers,172,736,33,73,1
Garden Flowers,80,589,21,68,1
Wheat,78,311,23,39,1
Paddy,127,199,26,26,0
Wheat,69,474,30,54,1
Paddy,5,215,27,29,0
Sugarcane,111,272,24,48,0
Groundnuts,9,184,20,40,0
Sugarcane,200,267,20,26,0
Pulse,74,283,33,20,0
Wheat,87,776,31,50,1
Wheat,32,460,29,31,1
Pulse,67,652,27,46,1
Coffee,11,494,29,15,1
Potato,78,657,19,64,1
Sugarcane,57,788,29,58,1
Wheat,33,235,24,18,0
Coffee,12,142,19,24,0
Coffee,3,550,25,21,1
Groundnuts,22,696,29,24,1
Potato,70,430,19,65,0
Potato,32,330,17,66,0
Wheat,72,142,28,36,0
Potato,74,159,17,65,0
Garden Flowers,9,725,27,70,1
Paddy,52,467,38,21,1
Wheat,80,497,21,44,1
Potato,65,253,20,33,0
Paddy,117,296,24,32,0
Potato,27,366,16,36,0
Sugarcane,156,390,23,39,0
Potato,27,193,27,42,0
Paddy,77,270,33,11,0
Wheat,60,601,17,45,1
Coffee,25,131,25,22,0
Groundnuts,17,389,21,37,0
Pulse,83,315,21,36,0
Potato,85,497,14,23,1
Garden Flowers,40,321,15,71,0
Sugarcane,169,336,37,20,0
Wheat,16,230,28,71,0
Wheat,33,468,29,32,1
Wheat,84,561,18,22,1
Garden Flowers,54,757,32,76,1
Wheat,100,453,29,25,0
Groundnuts,89,659,23,37,1
Sugarcane,122,367,26,48,0
Coffee,47,303,15,16,0
Sugarcane,75,531,25,72,1
Sugarcane,31,821,33,69,1
Groundnuts,96,208,24,22,0
Potato,60,368,16,40,1
Garden Flowers,55,718,27,67,1
Coffee,45,534,20,15,1
Paddy,119,158,39,15,0
Sugarcane,68,139,18,85,0
Paddy,17,773,22,39,1
Groundnuts,54,297,26,53,0
Garden Flowers,66,185,24,72,0
Potato,72,609,28,53,1
Paddy,43,544,36,58,1
Coffee,38,233,29,23,0
Garden Flowers,23,672,34,76,1
Sugarcane,13,578,36,52,1
Wheat,48,254,16,27,0
Maize,19,291,18,30,0
Paddy,4,150,32,16,0
Sugarcane,134,537,33,55,1
Sugarcane,152,396,30,28,0
Garden Flowers,72,367,34,75,1
Wheat,11,123,17,45,0
Paddy,46,374,29,27,0
Potato,88,657,18,65,1
Sugarcane,62,718,25,71,1
Sugarcane,158,279,26,36,0
Potato,66,373,28,49,1
Groundnuts,55,689,26,19,1
Potato,29,379,17,39,1
Garden Flowers,40,540,21,60,1
Groundnuts,88,202,26,15,0
Groundnuts,18,576,39,24,1
Maize,76,745,33,29,1
Sugarcane,15,343,33,15,0
Garden Flowers,115,378,23,71,1
Garden Flowers,52,479,32,75,1
Potato,3,415,26,30,1
Potato,58,151,28,28,0
Groundnuts,76,210,27,16,0
Coffee,32,120,20,25,0
Potato,72,367,19,31,0
Coffee,77,507,20,24,1
Maize,46,523,26,30,1
Pulse,94,204,27,45,0
Coffee,24,320,27,15,0
Maize,101,777,33,31,1
Wheat,10,380,23,54,0
Groundnuts,44,257,32,43,0
Paddy,26,162,38,28,0
Sugarcane,134,315,37,19,0
Pulse,22,193,30,40,0
Wheat,58,233,26,21,0
Paddy,19,338,25,13,0
Maize,86,291,37,38,0
Maize,105,476,34,24,1
Wheat,68,576,26,41,1
Coffee,73,699,30,16,1
Paddy,70,269,25,36,0
Sugarcane,146,664,34,33,1
Coffee,54,120,30,20,0
Potato,20,190,22,24,0
Maize,88,440,33,20,1
Wheat,14,656,15,30,1
Coffee,61,399,16,23,1
Sugarcane,136,520,28,63,1
Paddy,45,831,28,60,1
Wheat,22,773,31,33,1
Garden Flowers,85,120,16,68,0
Paddy,64,377,21,34,0
Paddy,98,256,22,28,0
Sugarcane,122,583,34,28,1
Groundnuts,71,197,19,22,0
Maize,84,636,30,19,1
Sugarcane,58,786,34,25,1
Paddy,138,405,22,15,0
Maize,26,337,31,37,0
Sugarcane,208,474,29,43,1
Potato,5,319,18,65,0
Wheat,140,400,23,27,0
Wheat,82,126,23,17,0
Potato,9,248,23,32,0
Sugarcane,174,272,32,33,0
Sugarcane,92,450,22,65,1
Wheat,1,444,26,14,0
Maize,29,490,35,22,1
Garden Flowers,85,494,32,82,1
Coffee,4,158,15,14,0
Coffee,101,201,21,14,0
Coffee,50,313,30,20,1
Groundnuts,38,171,32,37,0
Pulse,39,649,22,21,1
Maize,37,322,20,42,0
Coffee,33,157,27,24,0
Paddy,34,203,23,20,0
Potato,32,654,28,34,1
Sugarcane,96,167,25,46,0
Groundnuts,88,147,31,17,0
Paddy,9,518,39,54,1
Maize,70,560,36,20,1
Wheat,57,406,19,37,0
Sugarcane,117,254,23,19,0
Wheat,52,215,17,40,0
Pulse,30,601,27,43,1
Garden Flowers,25,470,18,65,1
Wheat,10,771,23,27,1
Sugarcane,58,540,20,65,1
Sugarcane,196,447,21,68,1
Maize,28,292,25,26,0
Maize,26,296,30,20,0
Paddy,37,292,35,26,0
Sugarcane,76,128,16,80,0
Maize,54,225,25,35,0
Pulse,28,263,31,28,0
Potato,19,195,14,13,0
Sugarcane,156,166,26,16,0
Wheat,26,209,15,51,0
Wheat,35,408,18,52,0
Garden Flowers,127,324,22,66,0
Potato,10,153,17,35,0
Groundnuts,91,399,18,30,1
Coffee,65,202,22,16,0
Sugarcane,162,752,32,28,1
Sugarcane,11,266,30,23,0
Coffee,72,509,18,24,1
Potato,59,395,27,58,1
Maize,74,220,26,35,0
Coffee,83,201,23,18,0
Maize,74,190,36,35,0
Potato,35,411,27,55,1
Pulse,20,189,23,44,0
Wheat,53,564,20,50,1
Garden Flowers,168,297,16,83,0
Sugarcane,188,176,34,41,0
Sugarcane,65,168,34,48,0
Sugarcane,36,879,26,25,1
Coffee,63,343,15,14,0
Garden Flowers,176,502,28,73,1
Groundnuts,71,319,22,28,0
Sugarcane,72,792,34,31,1
Sugarcane,129,559,35,64,1
Sugarcane,29,630,25,60,1
Groundnuts,37,461,26,20,1
Potato,84,607,16,64,1
Groundnuts,11,340,24,48,0
Groundnuts,87,657,30,49,1
Groundnuts,8,334,30,45,0
Wheat,25,700,41,30,1
Garden Flowers,161,500,27,65,1
Potato,83,161,14,23,0
Paddy,46,397,30,26,0
Paddy,16,524,35,38,1
Sugarcane,63,453,26,52,1
Coffee,87,120,25,28,0
Potato,10,230,19,44,0
Sugarcane,160,802,24,66,1
Pulse,84,687,16,48,1
Maize,31,160,26,20,0
Garden Flowers,144,461,19,65,1
Sugarcane,168,302,28,35,0
Potato,55,273,16,18,0
Maize,5,329,33,21,0
Coffee,10,192,17,19,0
Wheat,117,520,25,24,1
Sugarcane,98,314,31,25,0
Garden Flowers,75,600,21,65,1
Groundnuts,57,333,29,51,0
Wheat,109,320,24,35,1
Pulse,62,810,28,28,1
Paddy,141,608,26,43,1
Sugarcane,31,704,36,52,1
Garden Flowers,65,291,29,81,0
Garden Flowers,165,195,27,75,0
Pulse,66,281,24,40,0
Coffee,7,123,25,17,0
Paddy,16,131,22,27,0
Sugarcane,6,637,29,42,1
Sugarcane,184,445,20,69,1
Garden Flowers,109,762,23,69,1
Garden Flowers,92,594,14,65,1
Coffee,17,222,21,16,0
Maize,1,364,27,12,0
Groundnuts,1,580,23,56,1
Pulse,88,174,19,17,0
Coffee,23,510,28,20,1
Sugarcane,72,309,22,29,0
Wheat,35,562,31,22,1
Maize,9,263,22,45,0
Groundnuts,47,154,37,22,0
Maize,43,239,31,17,0
Sugarcane,64,320,16,70,0
Wheat,63,784,16,26,1
Paddy,82,607,29,53,1
Coffee,19,293,31,19,0
Groundnuts,93,341,34,22,1
Wheat,65,432,16,34,0
Coffee,21,171,25,17,0
Wheat,94,350,17,39,0
Garden Flowers,155,394,32,73,1
Sugarcane,104,799,24,30,1
Potato,68,257,17,67,0
Maize,79,660,39,18,1
Paddy,106,619,27,28,1
Groundnuts,117,164,26,42,0
Pulse,77,723,36,45,1
Paddy,11,237,23,17,0
Wheat,48,642,19,63,1
Garden Flowers,106,211,33,70,0
Wheat,36,752,26,48,1
Groundnuts,21,302,31,30,0
Coffee,41,277,31,21,0
Maize,41,339,30,19,1
Paddy,88,456,32,47,1
Coffee,9,128,23,24,0
Sugarcane,54,297,22,31,0
Coffee,67,350,26,19,0
Groundnuts,64,224,27,34,0
Wheat,87,471,15,57,1
Garden Flowers,144,374,30,68,1
Potato,13,554,15,68,1
Sugarcane,86,323,31,27,0
Paddy,2,220,24,30,0
Sugarcane,83,298,37,26,0
Coffee,49,315,31,18,1
Wheat,99,430,21,26,0
Sugarcane,78,778,25,59,1
Coffee,32,311,21,17,0
Sugarcane,174,379,32,30,0
Potato,32,431,17,69,1
Coffee,30,156,17,15,0
Wheat,91,271,25,45,0
Pulse,15,179,27,41,0
Sugarcane,130,657,27,48,1
Pulse,7,325,26,38,1
Sugarcane,182,820,30,45,1
Sugarcane,90,379,26,49,0
Wheat,75,120,16,40,0
Paddy,65,712,20,24,1
Wheat,57,363,24,56,1
Sugarcane,206,167,20,25,0
Paddy,133,326,32,19,0
Wheat,45,607,29,61,1
Coffee,71,316,24,29,1
Groundnuts,92,261,36,32,0
Pulse,62,675,16,39,1
Pulse,3,248,27,25,0
Paddy,70,738,36,38,1
Paddy,30,181,22,24,0
Maize,86,293,26,31,0
Garden Flowers,124,213,28,78,0
Sugarcane,145,216,24,38,0
Potato,46,653,17,65,1
Sugarcane,31,609,24,41,1
Wheat,13,222,27,12,0
Potato,62,264,16,34,0
Sugarcane,206,470,20,62,1
Paddy,137,249,28,22,0
Groundnuts,57,396,35,49,0
Groundnuts,19,746,31,55,1
Garden Flowers,23,444,16,62,1
Groundnuts,62,173,32,19,0
Paddy,53,317,30,38,0
Groundnuts,31,164,30,25,0
Sugarcane,181,631,34,58,1
Sugarcane,154,678,32,28,1
Wheat,24,434,22,22,0
Sugarcane,115,344,25,37,0
Groundnuts,13,217,22,21,0
Garden Flowers,174,442,16,76,1
Paddy,118,149,22,23,0
Potato,54,583,21,54,1
Garden Flowers,10,222,20,60,0
Wheat,5,500,33,26,0
Garden Flowers,94,648,22,65,1
Sugarcane,146,459,29,35,0
Potato,1,180,27,42,0
Garden Flowers,20,448,14,79,1
Coffee,45,127,30,15,0
Sugarcane,75,169,30,41,0
Potato,63,187,26,36,0
Sugarcane,110,541,27,53,1
Wheat,97,436,29,29,0
Maize,81,254,29,45,0
Paddy,116,270,32,15,0
Maize,105,543,31,31,1
Maize,51,331,33,14,0
Paddy,101,365,20,25,0
Wheat,108,123,18,49,0
Sugarcane,9,146,16,72,0
Groundnuts,27,164,23,30,0
Coffee,41,493,16,17,1
Garden Flowers,86,151,29,78,0
Sugarcane,102,136,31,34,0
Coffee,46,461,19,18,1
Sugarcane,61,668,32,70,1
Garden Flowers,169,823,17,68,1
Paddy,48,592,39,39,1
Potato,54,424,23,58,1
Paddy,18,192,20,39,0
Potato,9,557,15,57,1
Groundnuts,38,322,30,20,0
Potato,23,277,26,28,0
Coffee,43,487,21,15,1
Wheat,100,443,18,47,0
Garden Flowers,10,271,27,77,0
Sugarcane,1,440,23,67,1
Paddy,90,823,31,36,1
Groundnuts,51,471,35,31,1
Groundnuts,57,528,22,43,1
Maize,86,710,39,22,1
Sugarcane,174,379,25,21,0
Coffee,62,208,17,17,0
Garden Flowers,167,365,24,63,1
Maize,58,512,25,20,1
Maize,65,683,29,27,1
Potato,7,143,27,26,0
Sugarcane,163,700,34,40,1
Garden Flowers,13,282,32,73,0
Coffee,7,569,21,20,1
Wheat,21,563,19,27,1
Coffee,69,239,17,26,0
Sugarcane,96,213,20,49,0
Potato,48,378,15,60,1
Sugarcane,65,843,29,41,1
Coffee,78,296,23,16,0
Wheat,59,930,22,15,1
Sugarcane,78,243,37,32,0
Maize,18,362,22,31,0
Sugarcane,184,122,26,35,0
Sugarcane,123,166,26,14,0
Coffee,77,349,31,25,0
Sugarcane,178,489,23,47,1
Sugarcane,27,661,29,47,1
Sugarcane,170,374,35,55,1
Wheat,62,990,21,15,1
Sugarcane,60,449,35,70,1
Maize,108,643,21,22,1
Garden Flowers,106,569,21,70,1
Sugarcane,166,505,32,37,1
Wheat,40,310,17,58,1
Paddy,35,773,20,61,1
Maize,77,169,32,43,0
Potato,18,366,23,27,0
Sugarcane,123,736,29,52,1
Garden Flowers,103,312,18,69,0
Wheat,12,273,25,15,0
Garden Flowers,28,439,19,75,1
Coffee,53,180,28,18,0
Potato,62,218,17,24,0
Sugarcane,76,820,35,27,1
Garden Flowers,117,337,28,69,0
Sugarcane,188,676,22,72,1
Paddy,85,392,35,38,0
Wheat,116,323,29,36,0
Potato,112,467,19,63,0
Paddy,15,517,25,26,1
Paddy,50,237,29,13,0
Wheat,89,649,24,26,1
Sugarcane,53,352,32,31,0
Wheat,76,469,22,34,1
Coffee,59,618,29,23,1
Paddy,28,875,32,62,1
Garden Flowers,82,220,18,66,0
Wheat,9,300,21,28,0
Garden Flowers,45,745,24,65,1
Groundnuts,2,610,25,28,1
Wheat,108,340,23,32,0
Wheat,89,383,15,58,1
Maize,103,484,30,20,1
Maize,14,407,37,29,1
Sugarcane,182,539,27,37,1
Paddy,137,818,35,41,1
Potato,20,220,19,38,0
Potato,4,650,15,35,1
Potato,87,301,25,41,1
Sugarcane,116,253,31,21,0
Sugarcane,201,538,22,32,1
Paddy,14,428,23,36,1
Wheat,91,760,27,19,1
Maize,62,683,20,30,1
Potato,25,481,26,22,1
Coffee,69,157,16,23,0
Wheat,97,301,14,52,1
Maize,82,218,20,23,0
Sugarcane,84,836,23,37,1
Maize,104,332,38,30,0
Maize,38,382,38,22,1
Potato,18,207,17,19,0
Potato,84,253,24,19,0
Wheat,77,525,20,23,1
Potato,70,680,20,46,1
Sugarcane,200,228,31,43,0
Coffee,17,355,16,28,1
Sugarcane,8,408,27,69,1
Sugarcane,78,564,35,58,1
Wheat,22,758,16,36,1
Maize,81,687,23,30,1
Groundnuts,67,285,32,37,0
Coffee,83,324,26,29,1
Pulse,31,138,35,33,0
Wheat,1,405,16,43,1
Sugarcane,100,530,19,69,1
Maize,6,345,37,22,1
Wheat,82,136,24,54,0
Sugarcane,168,457,34,20,0
Potato,42,330,16,67,0
Maize,20,677,19,24,1
Garden Flowers,47,220,18,78,0
Paddy,15,330,35,32,0
Coffee,79,743,15,21,1
Sugarcane,3,147,25,31,0
Paddy,108,231,26,16,0
Garden Flowers,29,793,30,76,1
Pulse,24,349,28,34,0
Coffee,69,302,22,16,0
Paddy,88,229,25,34,0
Groundnuts,80,300,28,45,1
Potato,98,632,20,61,1
Potato,1,500,20,60,1
Wheat,89,230,21,53,0
Pulse,38,281,34,41,1
Paddy,37,210,32,14,0
Maize,115,486,24,26,1
Coffee,53,678,24,16,1
Paddy,78,194,26,35,0
Garden Flowers,68,301,15,77,0
Maize,92,203,29,18,0
Wheat,79,326,27,26,1
Potato,24,767,17,20,1
Garden Flowers,161,363,20,68,0
Pulse,93,156,19,22,0
Potato,40,465,24,38,1
Coffee,81,300,16,21,1
Paddy,51,130,35,15,0
Wheat,16,231,30,12,0
Wheat,54,397,28,43,1
Potato,76,459,17,68,0
Sugarcane,42,245,35,22,0
Sugarcane,8,853,31,63,1
Maize,43,522,19,19,1
Wheat,20,330,31,80,0
Maize,20,713,22,33,1
Coffee,49,395,23,27,1
Groundnuts,48,759,21,47,1
Sugarcane,31,230,16,70,0
Maize,22,480,29,22,1
Sugarcane,70,288,35,14,0
Paddy,20,461,30,29,1
Sugarcane,209,303,28,22,0
Sugarcane,28,397,28,27,0
Garden Flowers,69,298,29,72,0
Wheat,75,371,18,46,0
Sugarcane,75,583,37,59,1
Sugarcane,106,629,24,59,1
Wheat,20,765,23,44,1
Coffee,83,446,27,29,1
Maize,94,214,25,15,0
Wheat,86,399,30,20,0
Wheat,66,465,20,45,1
Sugarcane,204,561,32,44,1
Garden Flowers,21,143,18,70,0
Wheat,95,252,19,13,0
Pulse,11,547,30,23,1
Sugarcane,84,130,17,68,0
Maize,22,726,32,20,1
Potato,19,510,21,26,1
Maize,92,405,21,13,0
Wheat,40,138,31,11,0
Sugarcane,119,135,20,31,0
Garden Flowers,15,447,16,70,1
Garden Flowers,88,346,26,81,1
Sugarcane,156,572,36,33,1
Maize,51,365,33,44,0
Garden Flowers,40,222,34,63,0
Sugarcane,141,281,32,32,0
Sugarcane,3,298,34,14,0
Coffee,58,342,26,14,0
Sugarcane,206,745,35,41,1
Potato,49,258,15,36,0
Maize,104,262,35,40,0
Pulse,22,700,25,19,1
Maize,92,220,29,32,0
Sugarcane,48,813,22,46,1
Garden Flowers,102,189,32,69,0
Maize,96,737,30,22,1
Coffee,6,228,15,17,0
Paddy,36,407,23,35,1
Coffee,68,213,17,20,0
Groundnuts,47,450,27,17,0
Coffee,85,410,21,23,1
Garden Flowers,111,430,21,70,1
Groundnuts,58,469,27,18,0
Coffee,88,635,29,25,1
Pulse,91,559,17,35,1
Groundnuts,98,285,26,42,0
Coffee,87,204,23,20,0
Paddy,33,452,21,42,1
Coffee,5,306,30,15,0
Groundnuts,111,534,30,26,1
Groundnuts,23,224,26,19,0
Groundnuts,113,768,26,52,1
Garden Flowers,39,559,32,63,1
Sugarcane,162,379,25,41,0
Paddy,128,738,34,30,1
Sugarcane,200,424,29,50,1
Garden Flowers,167,687,20,76,1
Coffee,63,689,22,19,1
Groundnuts,16,621,22,32,1
Groundnuts,1,205,39,25,0
Potato,50,442,23,26,1
Garden Flowers,84,371,29,75,0
Garden Flowers,116,182,29,82,0
Coffee,22,354,27,29,1
Coffee,10,632,30,23,1
Sugarcane,114,199,25,53,0
Wheat,98,430,18,62,1
Coffee,60,265,21,14,0
Groundnuts,39,210,26,20,0
Sugarcane,28,741,20,61,1
Maize,42,171,26,45,0
Maize,59,316,27,45,0
Coffee,56,184,26,18,0
Paddy,147,374,34,24,0
Coffee,32,673,31,18,1
Garden Flowers,55,220,15,80,0
Wheat,39,350,23,21,0
Coffee,73,557,25,27,1
Coffee,73,303,31,25,0
Wheat,115,411,24,37,0
Sugarcane,62,534,25,38,1
Potato,51,681,15,63,1
Coffee,69,368,31,28,1
Potato,99,344,21,29,0
Wheat,47,428,22,20,0
Potato,96,300,16,12,0
Coffee,9,211,23,20,0
Paddy,70,381,37,34,0
Pulse,73,226,17,37,0
Wheat,90,138,20,13,0
Garden Flowers,101,212,19,78,0
Wheat,75,445,31,31,0
Coffee,70,470,28,25,1
Maize,30,332,23,32,0
Groundnuts,18,346,34,38,0
Potato,83,333,24,29,0
Wheat,65,287,23,53,0
Sugarcane,42,488,26,67,1
Potato,62,199,17,27,0
Groundnuts,85,120,35,50,0
Groundnuts,48,567,32,47,1
Sugarcane,82,550,31,68,1
Paddy,122,742,24,32,1
Paddy,70,666,21,60,1
Coffee,68,327,22,17,1
Coffee,87,311,29,26,0
Groundnuts,100,618,34,41,1
Sugarcane,190,450,26,24,0
Paddy,67,342,34,20,0
Sugarcane,176,588,32,72,1
Garden Flowers,158,223,15,65,0
Sugarcane,7,663,36,63,1
Paddy,25,222,26,24,0
Wheat,41,147,20,19,0
Wheat,26,768,27,21,1
Garden Flowers,85,680,34,71,1
Paddy,62,440,33,26,1
Wheat,36,336,17,20,0
Sugarcane,71,618,24,50,1
Sugarcane,138,736,31,73,1
Coffee,44,180,18,23,0
Groundnuts,12,311,25,43,0
Maize,97,137,30,40,0
Wheat,35,775,20,51,1
Garden Flowers,9,294,27,78,0
Sugarcane,186,534,32,28,1
Groundnuts,102,323,20,33,1
Maize,109,592,39,24,1
Groundnuts,45,791,28,19,1
Garden Flowers,165,275,27,77,0
Groundnuts,20,508,34,18,1
Wheat,49,404,24,32,0
Garden Flowers,14,473,25,79,1
Wheat,98,311,18,63,1
Paddy,106,151,29,21,0
Coffee,47,241,19,23,0
Wheat,63,337,25,44,0
Groundnuts,7,653,20,54,1
Sugarcane,86,685,28,68,1
Garden Flowers,63,355,18,65,0
Wheat,118,599,16,41,1
Maize,13,261,25,36,0
Maize,2,169,26,25,0
Wheat,54,346,30,28,1
Potato,115,678,19,62,1
Paddy,147,177,28,26,0
Paddy,128,297,32,38,0
Wheat,73,775,22,54,1
Wheat,32,762,29,41,1
Wheat,32,479,26,55,1
Maize,19,470,30,24,1
Garden Flowers,94,547,21,74,1
Sugarcane,141,537,34,69,1
Coffee,3,189,22,29,0
Sugarcane,146,655,35,26,1
Sugarcane,22,187,24,47,0
Garden Flowers,67,378,19,72,0
Sugarcane,106,663,26,40,1
Potato,110,310,20,64,0
Potato,27,747,27,63,1
Garden Flowers,72,565,23,78,1
Paddy,93,395,38,31,0
Potato,22,666,24,22,1
Potato,80,167,17,66,0
Wheat,80,687,19,41,1
Sugarcane,44,256,24,20,0
Maize,15,577,38,28,1
Coffee,70,301,19,28,0
Paddy,19,732,21,34,1
Paddy,86,844,23,36,1
Groundnuts,4,383,35,28,1
Sugarcane,148,358,23,74,1
Wheat,13,419,28,44,1
Wheat,17,311,30,29,1
Wheat,93,400,25,18,0
Potato,98,566,14,34,1
Garden Flowers,40,378,33,71,1
Garden Flowers,159,604,33,69,1
Potato,40,322,18,31,0
Paddy,120,687,28,41,1
Maize,21,702,38,23,1
Sugarcane,66,231,32,19,0
Coffee,9,392,24,24,1
Sugarcane,16,351,37,41,1
Wheat,53,782,28,28,1
Garden Flowers,171,360,28,62,1
Potato,28,178,19,67,0
Garden Flowers,160,716,28,79,1
Sugarcane,160,450,28,34,0
Paddy,56,175,23,39,0
Wheat,60,201,15,11,0
Wheat,39,779,14,32,1
Coffee,86,271,15,19,0
Sugarcane,162,139,30,26,0
Maize,101,352,35,19,1
Coffee,26,303,18,21,0
Potato,108,189,21,65,0
Sugarcane,39,421,32,56,1
Potato,71,167,16,16,0
Sugarcane,103,369,24,18,0
Pulse,29,349,28,21,0
Garden Flowers,52,567,19,75,1
Groundnuts,73,406,38,39,1
Sugarcane,51,381,34,40,0
Wheat,60,680,28,33,1
Wheat,58,560,18,49,1
Garden Flowers,82,173,29,73,0
Paddy,74,818,23,54,1
Wheat,83,161,22,47,0
Sugarcane,47,197,30,49,0
Groundnuts,111,768,37,37,1
Garden Flowers,119,160,28,61,0
Groundnuts,28,472,28,23,1
Garden Flowers,5,570,22,80,1
Potato,7,725,28,57,1
Maize,110,511,20,33,1
Sugarcane,104,174,27,37,0
Paddy,94,293,24,29,0
Wheat,29,220,34,32,0
Maize,95,429,27,24,1
Coffee,9,144,15,15,0
Coffee,25,471,29,22,1
Maize,73,578,31,20,1
Wheat,102,793,17,57,1
Maize,38,217,25,32,0
Wheat,79,367,26,31,1
Maize,5,227,25,22,0
Pulse,2,680,19,31,1
Sugarcane,74,469,18,71,1
Groundnuts,35,445,22,30,0
Garden Flowers,6,155,20,63,0
Garden Flowers,77,649,19,68,1
Coffee,58,336,29,15,0
Coffee,4,465,29,15,1
Wheat,110,635,27,22,1
Garden Flowers,20,405,16,74,1
Coffee,16,268,27,20,0
Pulse,52,261,19,37,0
Sugarcane,23,689,24,44,1
Paddy,73,168,24,12,0
Wheat,54,588,17,50,1
Wheat,45,139,14,18,0
Potato,89,595,26,23,1
Groundnuts,59,728,37,32,1
Potato,88,308,29,40,0
Coffee,69,520,17,25,1
Potato,49,375,20,40,1
Sugarcane,184,769,21,55,1
Groundnuts,63,660,25,28,1
Sugarcane,184,226,37,31,0
Potato,89,379,23,38,1
Maize,46,793,23,18,1
Groundnuts,98,678,25,19,1
Garden Flowers,132,128,32,72,0
Sugarcane,12,462,29,44,1
Sugarcane,15,149,18,70,0
Wheat,114,442,15,61,1
Potato,5,167,29,13,0
Sugarcane,111,255,29,26,0
Paddy,54,766,28,41,1
Garden Flowers,48,227,14,60,0
Sugarcane,29,186,18,79,0
Coffee,39,280,15,26,0
Pulse,40,400,25,35,0
Coffee,40,629,17,18,1
Garden Flowers,140,199,33,75,0
Wheat,47,313,30,40,0
Coffee,87,569,22,18,1
Wheat,13,425,33,22,0
Groundnuts,7,682,33,28,1
Paddy,135,613,36,48,1
Potato,18,337,24,28,1
Wheat,78,376,25,58,1
Maize,115,219,37,14,0
Groundnuts,33,189,24,30,0
Garden Flowers,4,220,18,60,0
Coffee,37,240,15,24,0
Pulse,93,183,21,35,0
Maize,113,702,37,29,1
Coffee,62,226,21,15,0
Potato,20,563,23,65,1
Pulse,26,176,20,26,0
Groundnuts,34,542,36,27,1
Paddy,44,161,34,17,0
Groundnuts,10,603,28,28,1
Potato,71,365,19,60,1
Potato,82,290,24,42,0
Wheat,24,336,26,51,0
Potato,66,607,25,62,1
Coffee,69,252,23,16,0
Sugarcane,168,769,37,67,1
Maize,87,378,26,22,1
Wheat,102,378,23,42,1
Sugarcane,47,259,30,49,0
Paddy,75,649,25,31,1
Sugarcane,142,689,32,38,1
Wheat,108,700,19,41,1
Maize,10,582,29,31,1
Coffee,55,221,23,18,0
Paddy,78,123,38,13,0
Groundnuts,37,299,35,50,0
Potato,21,245,25,27,0
Groundnuts,6,156,38,32,0
Sugarcane,209,664,23,45,1
Sugarcane,156,374,30,31,0
Potato,71,202,19,40,0
Maize,58,120,23,16,0
Paddy,130,253,33,28,0
Paddy,84,404,26,57,1
Wheat,11,600,14,57,1
Paddy,103,324,34,32,0
Maize,49,599,32,20,1
Sugarcane,118,178,20,29,0
Groundnuts,75,136,35,35,0
Garden Flowers,91,729,16,66,1
Paddy,130,729,21,51,1
Garden Flowers,77,401,19,64,1
Sugarcane,34,160,34,28,0
Potato,63,268,15,37,1
Wheat,20,166,22,24,0
Sugarcane,61,838,34,72,1
Maize,33,641,37,23,1
Pulse,55,286,24,24,0
Paddy,77,790,33,43,1
Garden Flowers,107,327,18,75,0
Potato,58,377,24,61,1
Pulse,99,264,29,44,0
Garden Flowers,8,450,19,70,1
Wheat,170,677,32,45,0
Paddy,83,359,30,18,0
Wheat,119,139,18,47,0
Sugarcane,45,684,29,53,1
Potato,91,504,16,40,1
Pulse,3,277,18,39,0
Groundnuts,66,230,35,15,0
Garden Flowers,133,170,33,66,0
Sugarcane,46,445,24,62,1
Potato,13,454,19,36,1
Sugarcane,201,599,24,72,1
Maize,46,502,29,21,1
Coffee,84,562,30,19,1
Sugarcane,54,222,17,70,0
Potato,93,688,23,26,1
Pulse,8,320,28,20,0
Groundnuts,3,330,20,52,0
Groundnuts,117,126,33,17,0
Coffee,21,266,29,19,0
Potato,19,355,21,28,0
Sugarcane,28,124,36,47,0
Maize,60,554,32,28,1
Paddy,4,281,37,35,0
Groundnuts,109,226,20,33,0
Coffee,64,183,18,24,0
Garden Flowers,172,228,31,79,0
Sugarcane,177,557,34,67,1
Potato,96,430,18,65,0
Potato,55,328,26,12,0
Garden Flowers,113,349,25,84,0
Paddy,2,323,25,21,0
Paddy,43,643,39,22,1
Potato,87,326,27,32,0
Paddy,134,239,29,39,0
Paddy,77,480,30,34,1
Groundnuts,110,710,23,20,1
Paddy,81,254,33,22,0
Wheat,47,347,26,34,0
Wheat,19,463,23,52,1
Coffee,3,168,25,26,0
Paddy,101,284,34,39,0
Garden Flowers,27,220,18,70,0
Potato,64,600,23,32,1
Potato,83,664,25,39,1
Sugarcane,154,843,35,38,1
Potato,94,330,16,68,0
Wheat,78,191,15,36,0
Paddy,115,698,36,49,1
Groundnuts,23,729,37,24,1
Wheat,93,165,19,45,0
Paddy,48,509,24,20,1
Groundnuts,68,230,21,22,0
Wheat,62,344,14,37,0
Paddy,7,250,22,19,0
Wheat,20,130,23,12,0
Groundnuts,118,380,33,20,1
Garden Flowers,72,714,15,75,1
Sugarcane,209,371,25,59,1
Coffee,71,152,26,24,0
Groundnuts,89,578,28,26,1
Groundnuts,10,583,23,41,1
Sugarcane,150,864,28,36,1
Maize,19,220,22,39,0
Wheat,44,313,27,21,1
Maize,44,220,20,35,0
Sugarcane,85,754,32,31,1
Wheat,101,658,17,57,1
Paddy,24,228,39,28,0
Potato,18,334,19,39,0
Groundnuts,80,789,25,17,1
Wheat,25,314,16,37,0
Potato,79,551,14,48,1
Wheat,3,500,40,22,0
Wheat,160,980,23,22,0
Potato,5,709,27,32,1
Coffee,35,568,28,15,1
Wheat,6,800,21,29,0
Sugarcane,113,131,30,15,0
Wheat,16,311,30,35,1
Paddy,13,200,25,25,0
Sugarcane,41,315,23,38,0
Paddy,34,222,33,12,0
Groundnuts,72,152,29,42,0
Sugarcane,146,375,33,45,0
Garden Flowers,132,249,16,71,0
Groundnuts,93,151,23,43,0
Sugarcane,184,560,35,63,1
Potato,45,253,18,16,0
Maize,79,751,20,24,1
Pulse,30,701,25,32,1
Groundnuts,95,614,22,39,1
Garden Flowers,151,374,28,84,0
Paddy,69,218,36,12,0
Pulse,68,664,37,22,1
Coffee,73,250,23,23,0
Paddy,9,198,39,12,0
Potato,5,629,17,32,1
Sugarcane,62,878,30,49,1
Sugarcane,169,679,29,31,1
Coffee,62,498,18,27,1
Wheat,35,372,19,28,0
Groundnuts,63,627,20,42,1
Sugarcane,194,665,25,52,1
Groundnuts,64,456,24,20,0
Coffee,82,219,24,26,0
Groundnuts,12,398,28,28,0
Sugarcane,142,257,22,35,0
Garden Flowers,65,294,16,83,0
Paddy,19,230,20,16,0
Wheat,119,670,35,45,0
Maize,36,166,28,12,0
Paddy,17,280,34,24,0
Paddy,8,709,33,24,1
Wheat,2,249,18,42,0
Groundnuts,96,459,27,21,0
Paddy,16,719,27,43,1
Sugarcane,169,453,36,22,0
Garden Flowers,120,370,26,71,0
Paddy,51,305,21,13,0
Garden Flowers,73,147,28,76,0
Groundnuts,12,478,30,33,1
Paddy,121,260,20,30,0
Coffee,69,678,27,16,1
Potato,37,269,18,12,0
Garden Flowers,147,774,20,82,1
Groundnuts,4,263,27,16,0
Groundnuts,11,369,29,41,1
Potato,51,373,24,34,1
Coffee,83,474,18,28,1
Wheat,55,507,23,49,1
Potato,13,120,15,25,0
Sugarcane,127,268,33,32,0
Sugarcane,89,297,30,29,0
Wheat,26,627,29,21,1
Sugarcane,120,566,33,64,1
Groundnuts,61,163,31,47,0
Sugarcane,33,350,15,80,0
Paddy,19,703,25,56,1
Wheat,37,700,30,22,1
Coffee,47,459,26,19,1
Wheat,15,161,26,42,0
Wheat,94,345,25,45,0
Wheat,95,600,29,15,1
Wheat,79,427,19,43,0
Potato,62,430,15,65,0
Garden Flowers,48,680,24,79,1
Sugarcane,37,536,21,67,1
Maize,79,375,19,33,0
Wheat,114,508,26,15,0
Paddy,41,292,29,35,0
Sugarcane,135,289,23,52,1
Sugarcane,125,391,21,12,0
Pulse,16,650,30,18,1
Wheat,82,770,23,18,1
Groundnuts,57,238,21,16,0
Coffee,65,567,18,19,1
Sugarcane,113,248,27,30,0
Coffee,71,338,29,22,0
Coffee,9,225,27,26,0
Sugarcane,19,333,36,33,0
Garden Flowers,80,334,24,64,0
Coffee,81,283,29,23,0
Potato,14,519,27,23,1
Potato,23,550,19,35,1
Sugarcane,34,275,24,17,0
Paddy,107,398,20,21,0
Groundnuts,13,162,28,29,0
Maize,51,139,26,27,0
Wheat,35,346,18,24,0
Coffee,68,160,19,16,0
Sugarcane,11,457,31,63,1
Groundnuts,42,164,31,53,0
Garden Flowers,112,404,17,77,1
Wheat,9,120,25,27,0
Sugarcane,203,697,20,71,1
Garden Flowers,158,459,32,66,1
Wheat,106,601,35,35,1
Maize,104,311,28,16,0
Wheat,11,378,14,16,0
Groundnuts,29,348,22,30,0
Wheat,75,123,28,16,0
Potato,1,580,24,57,1
Potato,18,550,21,60,1
Potato,21,185,23,19,0
Sugarcane,23,159,18,65,0
Wheat,49,453,18,23,1
Paddy,142,178,20,13,0
Paddy,130,240,25,19,0
Maize,111,755,27,28,1
Wheat,109,744,25,21,1
Paddy,29,766,39,29,1
Garden Flowers,13,636,15,77,1
Wheat,70,990,24,19,1
Paddy,71,615,28,25,1
Maize,67,220,29,45,0
Sugarcane,202,420,32,61,1
Paddy,62,589,35,27,1
Groundnuts,8,295,31,15,0
Wheat,125,300,32,44,0
Potato,54,657,16,53,1
Groundnuts,94,668,24,46,1
Paddy,57,755,34,54,1
Garden Flowers,25,497,20,60,1
Wheat,83,713,20,29,1
Paddy,21,444,34,23,1
Paddy,101,719,20,22,1
Wheat,55,770,25,58,1
Wheat,59,445,29,39,0
Sugarcane,71,205,20,27,0
Groundnuts,77,204,31,23,0
Garden Flowers,96,278,18,70,0
Paddy,47,450,35,12,1
Sugarcane,135,786,34,39,1
Paddy,61,378,39,16,0
Sugarcane,204,786,20,23,1
Coffee,68,645,24,25,1
Sugarcane,84,788,35,70,1
Paddy,39,834,30,55,1
Sugarcane,195,571,20,54,1
Pulse,16,150,17,11,0
Paddy,82,751,28,43,1
Sugarcane,174,458,32,21,0
Paddy,37,710,31,38,1
Wheat,67,195,29,47,0
Groundnuts,53,694,24,19,1
Maize,72,311,37,45,0
Coffee,32,663,24,16,1
Potato,48,444,20,32,1
Wheat,96,526,20,48,1
Sugarcane,80,330,16,71,0
Paddy,24,250,26,25,0
Garden Flowers,118,571,20,63,1
Paddy,31,351,22,36,0
Paddy,93,400,25,25,1
Wheat,39,739,27,43,1
Paddy,48,618,26,35,1
Sugarcane,182,450,31,17,0
Wheat,40,363,14,47,0
Paddy,50,660,35,14,1
Paddy,31,464,21,27,1
Sugarcane,121,520,25,71,1
Paddy,105,504,34,45,1
Paddy,52,459,26,41,1
Garden Flowers,27,514,16,65,1
Garden Flowers,139,402,19,80,1
Maize,66,379,28,36,0
Sugarcane,208,359,21,28,0
Sugarcane,130,823,34,32,1
Wheat,72,173,28,47,0
Groundnuts,74,650,32,21,1
Garden Flowers,29,453,28,82,1
Paddy,7,246,27,38,0
Potato,93,564,28,49,1
Garden Flowers,131,245,30,73,0
Sugarcane,102,399,21,32,0
Groundnuts,9,198,21,52,0
Groundnuts,26,621,29,36,1
Sugarcane,83,474,34,29,1
Potato,26,371,18,34,1
Potato,38,184,19,34,0
Paddy,112,291,28,18,0
Coffee,51,340,20,19,0
Wheat,45,184,20,19,0
Sugarcane,112,670,24,55,1
Sugarcane,72,330,19,70,0
Groundnuts,4,375,26,17,1
Paddy,139,444,21,20,1
Potato,51,231,29,32,0
Maize,81,443,19,18,1
Wheat,5,250,23,43,0
Sugarcane,83,312,24,37,0
Wheat,110,990,32,34,1
Wheat,47,705,24,29,1
Maize,34,136,29,36,0
Garden Flowers,91,355,14,63,0
Sugarcane,28,187,26,19,0
Paddy,6,425,28,14,1
Paddy,123,518,30,39,1
Sugarcane,51,550,19,65,1
Potato,18,725,22,38,1
Garden Flowers,47,174,19,80,0
Maize,111,879,27,19,1
Garden Flowers,39,610,34,65,1
Maize,38,315,28,32,0
Wheat,12,543,25,53,0
Coffee,86,594,18,18,1
Paddy,75,389,22,29,0
Potato,78,464,28,42,1
Wheat,49,267,21,17,0
Paddy,64,669,30,24,1
Potato,64,270,26,24,0
Sugarcane,82,469,21,65,1
Potato,55,322,16,36,0
Wheat,98,441,17,52,1
Coffee,14,644,22,25,1
Paddy,97,362,36,27,0
Groundnuts,54,408,29,49,1
Sugarcane,38,358,28,15,0
Groundnuts,83,303,34,23,0
Paddy,20,177,35,35,0
Wheat,69,611,14,55,1
Wheat,65,660,23,15,0
Wheat,65,604,24,29,1
Wheat,17,374,19,34,0
Groundnuts,85,649,21,40,1
Garden Flowers,26,263,17,71,0
Groundnuts,87,732,21,43,1
Sugarcane,166,732,21,55,1
Sugarcane,74,129,23,18,0
Sugarcane,11,387,29,18,0
Sugarcane,49,349,18,65,0
Wheat,94,181,15,25,0
Sugarcane,19,350,15,80,0
Sugarcane,8,257,25,42,0
Sugarcane,174,691,37,72,1
Sugarcane,109,378,37,48,0
Coffee,41,267,26,16,0
Garden Flowers,56,702,28,72,1
Sugarcane,171,816,34,33,1
Garden Flowers,44,446,17,78,1
Sugarcane,22,552,21,68,1
Sugarcane,22,273,30,49,0
Paddy,126,515,29,48,1
Sugarcane,76,890,20,67,1
Garden Flowers,72,736,33,81,1
Sugarcane,84,365,26,25,0
Potato,97,264,21,12,0
Sugarcane,136,244,29,27,0
Maize,116,148,27,24,0
Groundnuts,3,189,24,50,0
Sugarcane,156,391,34,27,0
Wheat,64,727,16,39,1
Potato,4,451,24,54,1
Paddy,84,395,33,35,1
Groundnuts,68,525,27,36,1
Garden Flowers,1,687,29,74,1
Paddy,104,502,31,53,1
Garden Flowers,13,350,20,64,1
Sugarcane,145,281,29,26,0
Wheat,35,365,15,54,1
Wheat,35,705,24,34,1
Wheat,33,501,21,51,1
Sugarcane,61,673,31,50,1
Sugarcane,147,228,26,17,0
Wheat,2,311,14,22,0
Pulse,42,333,31,33,1
Coffee,61,283,31,21,1
Paddy,57,410,31,15,0
Coffee,30,397,26,25,1
Paddy,42,323,36,14,0
Sugarcane,191,771,22,52,1
Wheat,56,540,23,61,1
Wheat,49,659,24,22,1
Pulse,95,128,21,14,0
Coffee,89,394,31,23,1
Potato,97,142,23,23,0
Garden Flowers,72,382,27,67,1
Garden Flowers,61,233,24,69,0
Maize,78,175,33,29,0
Wheat,56,333,27,36,0
Garden Flowers,114,220,18,65,0
Wheat,62,250,21,15,0
Maize,34,582,20,18,1
Wheat,103,250,23,20,0
Groundnuts,25,753,26,24,1
Pulse,61,339,18,30,0
Sugarcane,182,309,21,11,0
Garden Flowers,126,128,18,60,0
Garden Flowers,81,670,33,78,1
Potato,15,711,21,54,1
Sugarcane,145,305,20,37,0
Sugarcane,76,794,32,35,1
Maize,94,432,33,19,1
Wheat,60,383,28,45,0
Potato,19,121,23,27,0
Coffee,99,678,24,18,1
Pulse,49,620,21,33,1
Potato,99,665,22,21,1
Sugarcane,93,740,24,49,1
Sugarcane,157,675,27,53,1
Coffee,89,459,20,20,1
Maize,71,167,22,30,0
Paddy,46,129,28,27,0
Sugarcane,166,669,29,31,1
Sugarcane,46,390,22,47,0
Groundnuts,78,291,18,47,0
Sugarcane,5,498,35,73,1
Paddy,125,747,39,34,1
Maize,97,184,22,20,0
Potato,91,135,25,36,0
Sugarcane,4,227,21,27,0
Sugarcane,50,843,31,58,1
Groundnuts,6,299,32,38,0
Wheat,36,764,16,30,1
Groundnuts,72,259,32,15,0
Wheat,12,442,22,64,1
Groundnuts,8,439,26,52,1
Paddy,22,350,40,11,1
Wheat,76,206,23,32,0
Pulse,13,430,19,18,1
Sugarcane,183,294,30,23,0
Garden Flowers,108,660,16,73,1
Coffee,7,570,22,17,1
Sugarcane,91,201,23,11,0
Sugarcane,127,374,35,39,0
Paddy,26,715,25,20,1
Sugarcane,9,351,33,21,0
Groundnuts,34,195,18,38,0
Sugarcane,13,182,29,20,0
Sugarcane,12,544,29,51,1
Garden Flowers,106,252,31,80,0
Wheat,37,762,25,55,1
Garden Flowers,43,478,21,60,1
Pulse,36,225,32,13,0
Wheat,89,327,15,54,1
Groundnuts,65,372,26,40,1
Wheat,97,156,28,18,0
Maize,105,591,34,25,1
Coffee,15,341,31,26,1
Paddy,86,655,28,21,1
Wheat,165,775,32,21,0
Coffee,12,562,31,15,1
Sugarcane,94,179,21,65,0
Garden Flowers,54,278,33,83,0
Paddy,46,443,25,63,1
Maize,28,362,25,18,1
Sugarcane,96,230,19,67,0
Sugarcane,71,778,21,44,1
Pulse,94,723,29,38,1
Potato,37,641,20,42,1
Wheat,13,398,16,51,0
Paddy,45,487,36,55,1
Sugarcane,28,455,33,63,1
Potato,36,723,26,23,1
Wheat,69,660,15,25,1
Pulse,61,411,35,52,1
Coffee,88,314,27,16,0
Sugarcane,174,388,28,28,1
Wheat,56,800,23,16,1
Groundnuts,38,726,34,37,1
Garden Flowers,142,329,21,69,0
Paddy,102,632,25,54,1
Garden Flowers,151,330,26,77,0
Sugarcane,18,268,32,31,0
Sugarcane,10,840,35,70,1
Sugarcane,115,266,35,42,0
Groundnuts,62,735,33,17,1
Coffee,75,259,26,18,0
Coffee,70,373,30,18,1
Potato,5,517,26,40,1
Wheat,62,355,31,24,0
Groundnuts,105,318,21,31,1
Wheat,40,356,20,19,0
Sugarcane,128,458,28,40,0
Sugarcane,87,558,30,53,1
Potato,8,328,18,24,0
Wheat,30,716,26,45,1
Wheat,1,173,16,26,0
Groundnuts,72,679,26,18,1
Sugarcane,138,221,29,45,0
Potato,7,149,16,35,0
Groundnuts,42,249,27,36,0
Pulse,45,198,31,12,0
Groundnuts,23,450,24,35,0
Garden Flowers,149,154,30,66,0
Garden Flowers,108,615,33,80,1
Paddy,58,376,26,31,1
Wheat,7,436,29,27,1
Groundnuts,63,193,24,26,0
Potato,55,293,21,21,0
Wheat,14,555,32,55,0
Coffee,18,837,27,18,1
Potato,26,538,18,68,1
Sugarcane,176,277,31,45,0
Sugarcane,141,342,22,40,0
Sugarcane,17,491,33,38,1
Maize,75,726,27,19,1
Maize,62,373,21,31,1
Groundnuts,87,367,37,33,1
Maize,59,286,27,18,0
Sugarcane,136,365,32,27,1
Coffee,45,440,24,16,1
Groundnuts,110,782,27,33,1
Garden Flowers,152,503,15,72,1
Potato,80,273,16,25,0
Wheat,65,723,25,55,1
Paddy,31,483,29,37,1
Wheat,84,751,20,20,1
Coffee,93,675,25,19,1
Coffee,6,208,15,22,0
Potato,98,533,14,58,1
Pulse,13,329,28,29,0
Garden Flowers,91,353,30,69,0
Wheat,62,415,29,28,0
Sugarcane,14,637,30,42,1
Sugarcane,203,267,34,17,0
Groundnuts,107,367,22,52,1
Maize,34,395,28,20,1
Maize,57,639,30,25,1
Groundnuts,101,539,33,24,1
Garden Flowers,26,559,32,70,1
Potato,28,469,29,31,1
Groundnuts,53,276,23,39,0
Potato,23,449,17,68,1
Paddy,49,157,27,32,0
Sugarcane,17,230,19,70,0
Maize,104,816,28,19,1
Sugarcane,6,534,27,60,1
Potato,56,315,16,13,0
Wheat,93,313,16,26,0
Coffee,64,646,27,22,1
Coffee,35,360,22,27,1
Coffee,51,479,17,24,1
Coffee,57,228,23,28,0
Garden Flowers,122,304,19,62,0
Sugarcane,22,468,27,26,0
Maize,59,297,21,34,0
Wheat,113,404,30,28,1
Potato,53,332,20,60,1
Paddy,43,273,32,56,1
Sugarcane,129,422,23,16,0
Sugarcane,142,329,28,49,0
Garden Flowers,175,641,32,78,1
Groundnuts,48,471,26,17,1
Sugarcane,159,265,36,29,0
Potato,68,325,27,26,0
Garden Flowers,67,146,16,78,0
Maize,2,312,32,44,0
Garden Flowers,135,235,33,83,0
Garden Flowers,101,206,20,84,0
Wheat,85,158,17,43,0
Sugarcane,111,361,32,67,1
Wheat,25,209,24,48,0
Sugarcane,98,356,28,39,0
Wheat,45,661,28,32,1
Coffee,75,648,23,16,1
Wheat,37,399,30,41,0
Sugarcane,66,132,34,41,0
Sugarcane,147,183,21,21,0
Garden Flowers,84,132,28,71,0
Wheat,6,173,23,14,0
Wheat,39,273,15,13,0
Pulse,81,508,35,18,1
Potato,7,189,19,11,0
Sugarcane,106,413,32,16,0
Paddy,146,141,21,31,0
Sugarcane,49,143,36,39,0
Garden Flowers,113,123,29,78,0
Maize,111,543,36,22,1
Groundnuts,78,457,23,18,0
Wheat,83,526,24,36,1
Maize,30,201,29,24,0
Paddy,104,208,32,31,0
Sugarcane,49,160,36,34,0
Potato,28,304,21,40,1
Wheat,41,669,25,27,1
Groundnuts,84,487,25,16,0
Wheat,64,360,18,38,0
Maize,81,312,22,17,0
Maize,110,206,24,23,0
Pulse,42,348,18,32,0
Wheat,57,231,28,33,0
Sugarcane,43,560,20,80,1
Paddy,95,230,27,29,0
Groundnuts,21,610,29,16,1
Garden Flowers,96,375,31,64,1
Garden Flowers,119,403,25,77,0
Garden Flowers,5,229,18,83,0
Wheat,82,200,21,17,0
Maize,9,368,26,18,0
Sugarcane,132,139,29,34,0
Wheat,98,381,26,60,1
Wheat,41,540,16,25,1
Sugarcane,24,143,29,14,0
Sugarcane,179,294,34,14,0
Wheat,2,700,23,34,0
Potato,57,140,23,23,0
Coffee,24,181,30,27,0
Maize,26,475,35,33,1
Coffee,3,381,29,20,1
Sugarcane,109,360,22,24,0
Wheat,22,428,22,22,1
Wheat,32,298,19,43,0
Potato,90,379,14,36,0
Coffee,3,306,16,14,0
Groundnuts,102,207,28,54,0
Coffee,87,201,24,25,0
Paddy,70,856,30,35,1
Sugarcane,4,324,27,28,0
Wheat,58,241,14,44,0
Wheat,87,300,21,14,0
Wheat,80,757,23,31,1
Paddy,143,161,28,21,0
Groundnuts,42,535,19,34,1
Potato,73,495,16,43,1
Wheat,3,426,22,61,1
Sugarcane,129,211,22,23,0
Sugarcane,54,184,23,31,0
Coffee,5,677,20,29,1
Potato,91,515,26,45,1
Sugarcane,140,377,32,42,0
Groundnuts,95,355,29,53,1
Sugarcane,102,130,20,64,0
Groundnuts,67,241,20,39,0
Coffee,20,340,20,14,0
Wheat,24,600,40,30,1
Wheat,51,317,19,13,0
Wheat,55,700,19,12,0
Garden Flowers,37,127,20,72,0
Maize,77,600,18,23,1
Garden Flowers,8,278,25,80,0
Wheat,5,393,27,49,0
Coffee,35,671,27,20,1
Wheat,84,302,29,49,1
Potato,50,597,19,31,1
Potato,10,413,25,55,1
Wheat,19,245,15,54,0
Groundnuts,69,619,31,40,1
Potato,20,166,24,19,0
Pulse,30,268,18,16,0
Paddy,40,660,32,14,1
Wheat,77,380,31,59,1
Sugarcane,188,976,22,70,1
Groundnuts,12,120,39,48,0
Garden Flowers,70,543,20,68,1
Garden Flowers,49,676,31,79,1
Potato,55,216,29,33,0
Garden Flowers,91,212,32,78,0
Wheat,118,184,31,42,0
Groundnuts,17,795,34,34,1
Maize,83,397,38,18,1
Sugarcane,139,889,24,29,1
Wheat,54,220,14,18,0
Pulse,64,237,33,42,0
Potato,2,426,18,26,1
Potato,77,386,22,36,1
Paddy,1,354,39,11,0
Groundnuts,100,135,21,15,0
Pulse,90,444,22,36,1
Paddy,21,398,30,27,0
Garden Flowers,130,354,20,68,1
Sugarcane,29,388,37,12,0
Pulse,23,530,29,22,1
Maize,39,440,34,19,1
Sugarcane,83,242,25,26,0
Sugarcane,154,236,27,49,0
Wheat,86,386,14,47,0
Wheat,38,255,29,11,0
Maize,16,550,32,25,1
Potato,60,289,16,68,0
Groundnuts,26,392,25,21,0
Maize,111,284,36,17,0
Sugarcane,173,325,28,29,0
Maize,51,451,32,33,1
Maize,66,742,38,29,1
Groundnuts,107,292,33,40,0
Sugarcane,65,127,32,33,0
Coffee,54,482,17,27,1
Paddy,75,632,28,22,1
Sugarcane,196,270,21,32,0
Wheat,21,432,22,34,1
Pulse,46,240,28,39,1
Wheat,12,156,22,51,0
Wheat,84,144,17,20,0
Maize,80,331,32,18,0
Garden Flowers,48,388,34,83,1
Maize,119,568,23,20,1
Sugarcane,36,769,33,40,1
Wheat,114,613,21,40,1
Garden Flowers,99,191,31,76,0
Coffee,6,170,31,22,0
Wheat,98,618,28,49,1
Paddy,9,350,25,14,1
Paddy,85,316,29,16,0
Potato,55,565,29,61,1
Coffee,35,535,22,16,1
Pulse,4,544,16,47,1
Coffee,67,230,16,22,0
Paddy,145,509,32,50,1
Potato,63,289,16,22,0
Groundnuts,6,575,28,46,1
Sugarcane,30,396,20,31,0
Coffee,39,598,27,17,1
Wheat,52,555,17,53,1
Pulse,87,482,36,27,1
Groundnuts,17,356,36,47,1
Maize,10,827,21,23,1
Wheat,30,366,23,27,0
Maize,3,265,28,31,0
Sugarcane,111,399,27,46,0
Sugarcane,94,270,31,47,0
Sugarcane,192,709,29,43,1
Maize,21,197,25,22,1
Sugarcane,207,788,33,35,1
Pulse,46,120,22,27,0
Sugarcane,193,703,32,25,1
Maize,51,468,20,29,1
Garden Flowers,162,310,27,75,0
Potato,16,301,16,19,0
Garden Flowers,85,349,16,85,0
Potato,14,276,28,14,0
Wheat,29,721,23,40,1
Garden Flowers,48,186,32,63,0
Pulse,12,248,35,35,0
Wheat,109,630,14,43,1
Potato,16,358,14,34,1
Garden Flowers,158,368,15,73,0
Potato,27,320,20,50,1
Paddy,47,523,28,47,1
Groundnuts,41,430,25,19,0
Maize,92,537,32,21,1
Groundnuts,22,362,36,30,0
Paddy,59,730,42,14,1
Groundnuts,51,234,29,17,0
Sugarcane,164,490,25,38,1
Sugarcane,176,393,27,48,1
Potato,31,311,26,35,0
Wheat,33,298,24,47,0
Wheat,99,430,19,38,0
Potato,71,132,28,35,0
Paddy,126,465,30,29,1
Paddy,89,538,29,60,1
Sugarcane,110,370,22,58,0
Sugarcane,83,296,25,22,0
Coffee,63,348,29,19,0
Garden Flowers,31,348,26,75,0
Potato,58,317,16,28,0
Maize,65,225,37,21,0
Paddy,108,400,38,17,0
Garden Flowers,99,586,17,76,1
Maize,79,375,29,28,1
Garden Flowers,165,498,18,68,1
Coffee,5,341,23,28,0
Coffee,30,268,27,14,0
Sugarcane,2,527,31,50,1
Garden Flowers,174,225,34,71,0
Paddy,103,172,37,16,0
Wheat,44,401,24,54,1
Pulse,9,134,20,30,0
Wheat,69,422,15,20,0
Coffee,14,525,21,28,1
Maize,119,141,28,30,0
Potato,95,538,28,66,1
Paddy,81,400,33,20,1
Potato,9,228,14,39,0
Sugarcane,58,756,21,50,1
Paddy,104,454,26,45,1
Paddy,117,405,35,23,0
Coffee,50,431,22,25,1
Potato,78,378,27,40,1
Wheat,4,257,30,20,0
Pulse,20,443,18,51,1
Coffee,38,434,28,25,1
Groundnuts,47,355,23,47,0
Maize,69,370,23,28,1
Paddy,103,158,23,18,0
Garden Flowers,148,693,16,61,1
Coffee,77,230,22,18,0
Potato,17,495,20,60,1
Potato,19,249,25,27,0
Garden Flowers,145,349,21,72,0
Garden Flowers,50,320,18,80,0
Sugarcane,7,715,30,52,1
Paddy,123,183,31,14,0
Sugarcane,60,388,36,60,1
Coffee,40,302,31,16,1
Pulse,80,337,21,11,0
Garden Flowers,173,504,19,73,1
Groundnuts,13,473,35,47,1
Wheat,109,265,28,46,0
Potato,84,506,20,47,1
Coffee,81,409,18,17,1
Maize,31,150,26,17,0
Sugarcane,110,172,34,32,0
Wheat,31,394,25,49,0
Paddy,1,811,37,32,1
Groundnuts,47,513,38,32,1
Paddy,100,283,23,14,0
Garden Flowers,94,546,32,80,1
Maize,52,350,34,19,1
Garden Flowers,84,151,26,68,0
Coffee,83,173,22,19,0
Potato,44,449,18,64,0
Wheat,3,728,27,49,1
Sugarcane,104,330,22,60,0
Groundnuts,90,489,29,17,0
Maize,63,450,29,34,1
Wheat,115,421,27,55,1
Coffee,65,239,18,26,0
Sugarcane,20,739,25,74,1
Potato,85,333,22,14,0
Potato,64,306,15,12,0
Pulse,30,262,21,26,0
Potato,89,273,23,38,0
Pulse,51,123,27,49,0
Sugarcane,162,219,37,25,0
Potato,77,232,18,27,0
Coffee,87,553,15,29,1
Potato,88,503,29,42,1
Wheat,1,432,21,62,1
Potato,86,204,23,31,0
Coffee,64,214,16,22,0
Wheat,84,188,15,16,0
Wheat,7,200,30,32,0
Paddy,26,750,20,61,1
Wheat,106,357,22,39,0
Pulse,92,164,32,11,0
Garden Flowers,146,591,34,77,1
Potato,7,120,24,26,0
Maize,74,276,26,16,0
Sugarcane,127,806,34,61,1
Maize,89,829,34,25,1
Coffee,72,370,20,25,1
Sugarcane,161,480,22,29,1
Potato,40,475,19,54,1
Sugarcane,194,310,27,33,0
Maize,102,352,34,32,1
Potato,98,194,19,24,0
Paddy,53,188,27,32,0
Wheat,33,269,19,16,0
Wheat,66,428,21,50,0
Sugarcane,20,160,31,29,0
Potato,90,168,17,64,0
Wheat,12,165,15,24,0
Sugarcane,8,878,32,41,1
Sugarcane,118,570,23,46,1
Wheat,13,334,30,39,0
Sugarcane,157,370,37,31,1
Potato,31,547,23,44,1
Sugarcane,32,345,30,20,0
Groundnuts,96,375,37,34,0
Groundnuts,80,318,33,21,0
Sugarcane,131,556,30,56,1
Sugarcane,155,539,31,25,1
Sugarcane,43,407,32,56,1
Coffee,79,290,26,27,0
Sugarcane,22,545,37,67,1
Paddy,12,356,21,12,0
Sugarcane,192,718,29,52,1
Potato,58,315,16,17,0
Sugarcane,43,556,31,64,1
Pulse,90,254,22,41,0
Pulse,59,200,18,44,0
Potato,79,189,24,25,0
Sugarcane,124,120,27,33,0
Wheat,95,653,26,54,1
Groundnuts,26,531,31,25,1
Garden Flowers,23,566,27,81,1
Potato,41,144,23,16,0
Groundnuts,93,274,18,48,0
Groundnuts,29,478,21,37,1
Groundnuts,70,364,35,19,0
Potato,27,730,15,55,1
Maize,27,190,33,21,0
Potato,78,281,25,16,0
Sugarcane,199,145,29,29,0
Groundnuts,71,333,36,15,0
Sugarcane,83,229,22,29,0
Wheat,98,317,24,26,0
Maize,44,131,39,24,0
Potato,23,300,20,25,0
Groundnuts,48,494,27,38,1
Maize,115,728,19,24,1
Coffee,80,566,20,25,1
Potato,28,381,26,56,1
Potato,3,503,20,68,1
Groundnuts,35,350,23,27,0
Sugarcane,61,147,30,49,0
Wheat,90,392,21,43,0
Maize,110,453,36,31,1
Groundnuts,33,696,20,46,1
Wheat,29,484,20,50,1
Sugarcane,159,733,22,45,1
Garden Flowers,16,276,33,78,0
Potato,48,650,16,28,1
Sugarcane,19,151,28,22,0
Maize,72,450,30,22,1
Sugarcane,88,139,21,68,0
Garden Flowers,13,122,15,75,0
Wheat,91,627,27,23,1
Sugarcane,98,330,21,65,0
Groundnuts,31,448,25,51,1
Maize,41,537,21,32,1
Maize,5,517,32,19,1
Sugarcane,168,280,36,12,0
Groundnuts,49,641,30,31,1
Sugarcane,83,530,21,34,1
Groundnuts,49,363,28,27,0
Wheat,119,589,21,41,1
Sugarcane,169,757,36,61,1
Groundnuts,105,528,19,16,1
Potato,95,312,21,35,1
Groundnuts,40,696,37,46,1
Paddy,33,520,37,60,1
Wheat,46,413,17,36,1
Potato,47,132,21,35,0
Coffee,62,667,31,23,1
Wheat,103,241,24,21,0
Maize,85,482,31,27,0
Garden Flowers,136,689,20,84,1
Garden Flowers,31,722,32,63,1
Wheat,67,422,22,22,1
Potato,71,416,21,29,1
Maize,58,220,25,45,0
Paddy,33,733,26,29,1
Garden Flowers,43,698,31,63,1
Paddy,112,649,32,40,1
Garden Flowers,41,539,32,71,1
Coffee,70,140,22,16,0
Potato,30,344,15,33,1
Sugarcane,60,134,19,60,0
Coffee,44,279,24,21,0
Sugarcane,140,439,31,40,0
Potato,43,236,19,34,0
Sugarcane,86,440,21,70,1
Groundnuts,15,230,30,46,0
Sugarcane,4,592,25,51,1
Sugarcane,31,135,28,19,0
Maize,77,151,19,37,0
Sugarcane,105,780,29,71,1
Groundnuts,87,701,20,27,1
Paddy,108,249,39,25,0
Sugarcane,156,258,20,29,0
Sugarcane,40,645,31,47,1
Groundnuts,81,387,23,33,0
Wheat,115,750,29,38,1
Paddy,93,344,29,12,0
Sugarcane,4,209,27,19,0
Garden Flowers,90,420,32,75,1
Coffee,85,398,22,17,0
Sugarcane,62,230,17,68,0
Coffee,81,157,18,14,0
Wheat,93,617,25,35,1
Coffee,70,149,21,20,0
Wheat,58,548,23,29,1
Sugarcane,27,255,29,11,0
Wheat,71,388,28,20,1
Pulse,18,350,26,19,0
Groundnuts,77,566,27,40,1
Coffee,43,342,23,23,0
Sugarcane,154,261,24,31,0
Sugarcane,134,644,36,52,1
Coffee,11,456,27,16,1
Maize,66,597,34,27,1
Wheat,25,521,27,26,1
Coffee,54,238,31,26,0
Sugarcane,55,373,21,40,0
Paddy,100,258,33,39,0
Maize,60,220,24,46,0
Garden Flowers,87,649,21,70,1
Potato,94,316,22,30,0
Groundnuts,19,505,25,31,1
Coffee,73,434,22,25,1
Wheat,117,273,22,45,0
Sugarcane,164,757,21,55,1
Sugarcane,67,132,34,41,0
Groundnuts,4,140,38,54,0
Sugarcane,17,217,25,16,0
Garden Flowers,83,450,25,74,1
Potato,52,372,27,36,0
Paddy,127,281,24,17,0
Maize,22,160,29,30,0
Coffee,86,134,24,22,0
Wheat,50,400,19,12,0
Wheat,113,360,23,54,1
Groundnuts,62,396,39,19,0
Sugarcane,19,820,21,37,1
Garden Flowers,162,622,20,62,1
Sugarcane,170,625,32,41,1
Paddy,40,556,39,30,1
Sugarcane,110,625,26,36,1
Garden Flowers,117,200,22,82,0
Groundnuts,71,145,27,22,0
Pulse,50,148,32,20,0
Groundnuts,117,369,19,20,1
Paddy,24,472,27,25,0
Paddy,33,554,34,12,1
Paddy,123,341,21,19,0
Coffee,88,197,17,15,0
Wheat,99,144,17,33,0
Coffee,60,524,19,25,1
Sugarcane,127,496,34,52,1
Paddy,77,913,25,61,1
Garden Flowers,162,181,19,84,0
Paddy,54,203,37,35,0
Wheat,50,180,18,28,0
Maize,74,329,36,29,0
Sugarcane,155,872,25,58,1
Garden Flowers,146,328,23,62,0
Sugarcane,155,367,36,30,0
Potato,21,499,16,40,1
Wheat,32,270,15,37,0
Pulse,80,710,32,32,1
Groundnuts,69,514,18,52,1
Garden Flowers,24,610,27,81,1
Maize,37,220,24,34,0
Potato,43,732,17,63,1
Sugarcane,172,293,36,31,0
Groundnuts,15,380,38,32,1
Paddy,30,222,34,36,0
Groundnuts,67,284,35,40,0
Sugarcane,59,302,28,49,0
Coffee,49,216,22,18,0
Garden Flowers,141,120,27,79,0
Wheat,113,602,25,35,1
Coffee,64,318,24,23,0
Wheat,26,200,22,34,0
Pulse,62,290,30,27,0
Coffee,19,456,23,15,1
Sugarcane,181,187,34,41,0
Coffee,16,242,16,23,0
Wheat,82,531,16,60,1
Sugarcane,133,251,29,30,0
Coffee,41,541,27,29,1
Garden Flowers,149,155,14,63,0
Sugarcane,194,857,27,25,1
Coffee,50,328,21,25,1
Wheat,59,592,18,62,1
Maize,33,589,26,28,1
Potato,55,311,24,15,0
Garden Flowers,5,448,19,65,1
Garden Flowers,80,310,23,81,0
Maize,88,159,18,44,0
Pulse,65,635,33,20,1
Paddy,46,492,32,52,1
Sugarcane,148,627,23,53,1
Pulse,1,450,30,29,1
Sugarcane,116,197,20,24,0
Coffee,33,289,27,15,0
Paddy,132,416,23,32,1
Potato,33,297,28,27,0
Garden Flowers,24,491,14,65,1
Sugarcane,65,332,36,41,0
Sugarcane,114,141,30,13,0
Sugarcane,94,638,36,67,1
Wheat,117,358,18,52,1
Maize,62,358,25,30,0
